"","symbol","baseMean","log2FoldChange","lfcSE","stat","pvalue","padj","ENTREZID","diffexpressed","original_leidenID","degreeCentrality","degree_ratio","betweennessCentrality","betweenness_ratio","closenessCentrality","eigenvectorCentrality","VEGFA","TNF.IL6","TGFB1.2","F2.Thrombin.","GSE13592","intersect_count","Average.NX..all.except.retina.","NX..retina.","tissue_ratio","degree_ratio_percentile","betweenness_ratio_percentile","tissue_ratio_percentile"
"1","A2M","168.7323502257","-1.38411990486528","0.161495510342543","-8.57064014924911","1.02911356057158e-17","5.92198266664928e-17","2","DOWN",11,54,0.158823529,11387.91401,46.87910339,0.32561052,0.019429236,0,0,0,1,1,1,31.8803278688525,47.5,1.489947036,77.4763406940063,72.4290220820189,87.015503875969
"2","ABCG2","143.408564325036","-4.31331592554871","0.190074167336976","-22.6928045298327","5.27637913962544e-114","1.36832166281342e-112","9429","DOWN",22,6,0.051724138,21.8707524,2.723239023,0.272822665,0.004615071,0,1,1,1,1,3,8.60491803278689,6.9,0.801867022,14.1324921135647,25.3627760252366,64.0180878552972
"3","ABLIM1","2672.77389746234","-1.52466493602337","0.041140836041842","-37.0596488236826","1.25570295998823e-300","1.05833336259865e-298","3983","DOWN",9,38,0.1,5211.786641,36.68150001,0.354948805,0.057135311,0,1,0,1,1,2,21.9540983606557,26.6,1.211618877,47.8864353312303,66.4353312302839,80.8785529715762
"4","ACKR3","434.835493867812","2.93063053882251","0.0970264053752065","30.204463697172","2.06954914614269e-200","1.02388449265873e-198","57007","UP",23,2,0.052631579,0,0,0.288195086,0.007555159,0,0,0,0,1,0,14.5950819672131,25.2,1.726609008,14.47949527,10.1892744479495,90.1162790697674
"5","ADAMTS1","202.439860280076","1.04101745462579","0.0757522291024686","13.7424002826059","5.65687794652733e-43","6.12089237322781e-42","9510","UP",4,14,0.082352941,1129.934656,17.74783809,0.300520131,0.013575585,0,0,1,1,1,2,18.3606557377049,7.8,0.424821429,34.8264984227129,46.7507886435331,36.1111111111111
"6","ADAMTS4","1800.60485241623","2.42524949242762","0.0473964960946944","51.1693836519512","0","0","9507","UP",4,16,0.131147541,592.0416784,20.8771094,0.295678544,0.006769522,0,1,1,1,1,3,8.950819672,0,0,66.5930599369085,50.8517350157729,2.39018087855297
"7","ADAMTS6","575.222613967221","1.08523801413942","0.051968590005145","20.8825756871984","7.71204770436333e-97","1.721822268451e-95","11174","UP",9,4,0.25,52.11832379,7.453259691,0.275472364,0.002842378,0,1,1,1,1,3,2.17868852459016,1.4,0.642588412,93.5015772870663,33.1230283911672,52.1317829457364
"8","ADAMTSL2","1.07456779816867","4.79209693487152","1.38265810311961","3.46585820750581","0.000528541940760105","0.00140874873051702","9719","UP",15,2,0.5,0,0,0.250763543,0.001154033,0,0,0,0,1,0,5.31311475409836,4.5,0.846960815,99.1798107255521,10.1892744479495,66.8604651162791
"9","AFAP1L2","3.7467815807124","-1.6324207234258","0.674644218752364","-2.41967644285853","0.0155343223903231","0.0335924561613886","84632","DOWN",1,2,0.055555556,0,0,0.262008734,0.004117676,1,1,1,1,1,4,8.596721311,8.1,0.94221968,15.8990536277603,10.1892744479495,71.8346253229974
"10","AIF1L","97.280764275157","-2.54036898940189","0.154511177874504","-16.4413282219958","9.67745097799354e-61","1.39510180592345e-59","83543","DOWN",22,16,0.156862745,466.7714551,67.88293173,0.310880829,0.018000304,0,1,1,1,1,3,16.6459016393443,5.9,0.354441599,76.8454258675079,80.820189274448,30.1033591731266
"11","ALCAM","2840.34708436508","1.64179491248722","0.0357788601987116","45.887289404103","0","0","214","UP",1,20,0.12987013,1449.722177,56.57307714,0.310447761,0.025523741,0,1,1,1,1,3,16.1524590163934,3,0.185730234,65.5520504731861,77.16088328,17.764857881137
"12","APLNR","2.4521857480216","-2.33067356052164","0.912999494144095","-2.55276544562225","0.0106871439378216","0.0237952551928156","187","DOWN",22,30,0.072115385,1023.159995,16.14299736,0.294673215,0.013221537,0,0,0,1,1,1,7.78852459016393,0.2,0.025678804,27.2555205047319,44.1640378548896,6.0077519379845
"13","APOL1","1781.74570804118","2.04820546939663","0.0695034119168566","29.469135584981","7.15988324879381e-191","3.28089485025796e-189","8542","UP",11,2,0.333333333,0,0,0.23465704,0.000414648,0,0,0,1,1,1,13.0065573770492,13,0.999495841,97.192429022082,10.1892744479495,73.9018087855297
"14","APOLD1","289.288579658363","-1.94515592837904","0.0979447673952897","-19.8597227816029","9.08104325415224e-88","1.82696964837799e-86","81575","DOWN",9,2,0.166666667,0,0,0.188930604,2.02e-05,1,1,1,1,1,4,12.3901639344262,8.1,0.653744377,80.410094637224,10.1892744479495,52.9715762273902
"15","AQP1","32.0672362755513","-3.52112508658161","0.279207165962362","-12.611155857856","1.83285044772286e-36","1.73499549602133e-35","358","DOWN",22,30,0.111111111,5955.32426,47.95837491,0.288781933,0.003585125,0,1,0,1,1,2,26.4524590163934,8.3,0.313770451,54.7634069400631,73.0599369085174,27.1317829457364
"16","ARHGAP18","3004.05754952963","-1.12101614200758","0.0417552797014498","-26.8472909299817","9.07184591704956e-159","3.43087326596879e-157","93663","DOWN",9,18,0.087378641,827.5271955,24.19490738,0.299711816,0.014308484,0,1,0,1,1,2,12.2016393442623,10.4,0.852344485,38.8958990536278,53.8801261829653,67.2480620155039
"17","ARID5A","537.454472741053","2.18162452641019","0.0590249631110127","36.9610485364819","4.84042105983721e-299","4.03636383714129e-297","10865","UP",15,20,0.074626866,3307.596829,34.25492496,0.309278351,0.010462007,0,0,0,0,1,0,12.0081967213115,11.4,0.949351536,28.4858044164038,64.3533123028391,72.0284237726098
"18","ARID5B","297.874083478302","2.29337924380032","0.083277094941848","27.5391360061464","5.97145630247697e-167","2.37639793055909e-165","84159","UP",9,10,0.075757576,448.612218,21.12599312,0.309769658,0.013123139,0,1,1,1,1,3,13.916393442623,6.9,0.495818118,28.9905362776025,51.2302839116719,41.2144702842377
"19","ATF3","511.009711747651","3.39858408425342","0.0738587169042842","46.0146645744976","0","0","467","UP",15,26,0.144444444,3350.681839,70.47800776,0.311812912,0.012545128,0,0,0,0,1,0,22.1983606557377,8.1,0.36489181,72.7444794952681,81.8296529968454,31.3307493540052
"20","ATP13A3","1717.17603490692","2.09982452498693","0.0570545089031237","36.8038313773299","1.60328601846772e-296","1.32293520104264e-294","79572","UP",1,38,0.122580645,2264.974376,26.86294433,0.332268371,0.056611893,0,0,1,1,1,2,14.7491803278689,12.9,0.874624875,61.9242902208202,56.9085173501577,68.99224806
"21","B2M","26120.2551396187","1.48730967375298","0.0365473201813534","40.6954508941481","0","0","567","UP",22,38,0.240506329,2317.371294,99.76625857,0.330298539,0.0508518,0,0,1,1,1,2,91.355737704918,53.5,0.585622768,92.3028391167192,87.8864353312303,48.3850129198966
"22","BCAM","818.939948998867","-1.16526146088231","0.0641645673338997","-18.1605130261148","1.06029235081237e-73","1.79883818740627e-72","4059","DOWN",4,10,0.096153846,633.1580541,16.93156978,0.306122449,0.010929051,0,0,1,1,1,2,16.0065573770492,21.4,1.336952069,45.1419558359621,45.615141955836,84.4315245478036
"23","BCL3","453.988922052131","1.34685105225922","0.0551790083982731","24.4087578112652","1.38059342511848e-131","4.15039799227655e-130","602","UP",2,14,0.142857143,942.7303549,335.5177495,0.295678544,0.008833791,0,1,0,1,1,2,13.6426229508197,8.8,0.645037251,71.5772870662461,97.1608832807571,52.390180878553
"24","BCL6","471.082452147481","2.33951114211947","0.0583942689110725","40.0640539858845","0","0","604","UP",2,36,0.079295154,7017.608403,27.44873994,0.310324249,0.011163202,0,1,0,1,1,2,22.4393442622951,15.9,0.708576856,32.4921135646688,57.7917981072555,57.6227390180879
"25","BHLHE40","2242.94329636726","2.33222015825594","0.0363098173457735","64.2311178832578","0","0","8553","UP",15,20,0.085470085,4375.083736,60.87208847,0.317202115,0.016901558,0,0,0,0,1,0,26.5409836065574,50.9,1.917788758,37.7917981072555,79.24290221,91.8604651162791
"26","BIRC3","743.88514504704","5.94555820241524","0.136983089377993","43.4035925851328","0","0","330","UP",2,98,0.037093111,19980.44322,11.36194041,0.352064997,0.061751296,0,1,0,1,1,2,9.396721311,1.1,0.117062107,6.37223974763407,38.1703470031546,12.6614987080103
"27","BMP2","844.981964684921","1.81398516904971","0.0547907690387702","33.1074960412789","2.31825311009416e-240","1.44731362817757e-238","650","UP",4,4,0.117647059,17.48819914,0.852175824,0.225400954,0.000303252,0,1,1,1,1,3,4.8,18.3,3.8125,59.24290221,21.7665615141956,97.35142119
"28","BMP4","821.878839771227","-3.46183744048594","0.0754747072162531","-45.8675173202984","0","0","652","DOWN",6,16,0.064516129,664.4881303,6.830862191,0.271398747,0.003514346,0,0,0,0,1,0,6.09344262295082,72.4,11.88162497,21.64037855,32.0504731861199,99.41860465
"29","BTG2","2239.22520967106","-1.05180368242356","0.0428096470089659","-24.5693145333171","2.68926959021123e-133","8.18891265282514e-132","7832","DOWN",15,6,0.115384615,91.14228768,1.474424885,0.256073539,0.001285531,0,1,0,1,1,2,37.1754098360656,30.4,0.817744852,57.6340694006309,22.9022082018927,65.1162790697674
"30","BTN3A1","501.472013632088","1.20212316456882","0.0661906752811581","18.1615183628594","1.04105196860436e-73","1.76873905018678e-72","11119","UP",7,2,0.047619048,0,0,1,2.15e-27,0,0,0,0,1,0,12.883606557377,12.3,0.954701616,12.1135646687697,10.1892744479495,72.2868217054263
"31","C1orf115","1394.87203291375","-1.8148094310206","0.0433351093356981","-41.8785012623843","0","0","79762","DOWN",9,2,0.043478261,0,0,0.256790123,0.001707482,0,1,1,1,1,3,7.13606557377049,3.3,0.462439697,9.68454258675079,10.1892744479495,39.1472868217054
"32","C1QTNF1","729.451402847986","4.11892691957768","0.0837998721667464","49.1519475278169","0","0","114897","UP",6,24,0.255319149,4537.464057,382.9536449,0.303148076,0.009213571,0,0,0,0,1,0,12.7295081967213,19.6,1.539729556,94.4479495268139,97.7287066246057,87.7906976744186
"33","C2CD4B","620.33169426472","2.96672736164571","0.0739670468303858","40.1087712538899","0","0","388125","UP",6,6,0.068181818,33.35586721,7.180287917,0.251046025,0.00225867,0,0,0,1,1,1,5.0655737704918,0.5,0.098705502,24.006309148265,32.807570977918,11.3695090439276
"34","CABLES1","999.20388598294","-1.84454055497762","0.0475020059001619","-38.8307929322903","0","0","91768","DOWN",1,8,0.085106383,46.31213401,2.203418739,0.309278351,0.029360689,0,1,1,1,1,3,7.91967213114754,17.1,2.159180294,37.3817034700315,24.3533123028391,93.60465116
"35","CALD1","7871.37196378949","1.10588981073925","0.0252152228900757","43.8580224160744","0","0","800","UP",9,42,0.087136929,3730.1948,35.44173204,0.334405145,0.040534844,0,0,1,1,1,2,36.6508196721311,10.9,0.297401261,38.801261829653,65.3627760252366,25.8397932816537
"36","CAPN2","12932.836914649","-1.32517120634116","0.0210952612095093","-62.8184307925898","0","0","824","DOWN",9,20,0.064516129,2432.330673,31.37924207,0.319148936,0.023843518,0,1,1,1,1,3,30.4180327868852,16.5,0.54244139,21.64037855,61.8296529968454,45.2842377260982
"37","CAV1","30935.5385520552","-1.33413996742387","0.0162166893591066","-82.2695642668072","0","0","857","DOWN",1,178,0.122758621,47073.50251,30.30221757,0.395537525,0.239950394,0,0,0,0,1,0,27.5819672131148,13.6,0.49307578,62.0820189274448,61.1356466876972,41.0852713178295
"38","CBR3","200.93919257686","1.18973528483721","0.0850386724452754","13.9905204376613","1.78103810853037e-44","1.97234717612427e-43","874","UP",10,6,0.078947368,425.9100458,75.30065516,0.290611028,0.00676338,0,0,0,0,1,0,6.57049180327869,3.3,0.502245509,32.3343848580442,83.2807571,41.8604651162791
"39","CCDC88C","816.275660867224","-1.62601117711986","0.0575002470660479","-28.2783337478904","6.38379454568897e-176","2.67586443132707e-174","440193","DOWN",2,12,0.107142857,688.9646358,62.11442396,0.314199396,0.017896891,0,1,1,1,1,3,7.24426229508197,4.1,0.56596515,51.9242902208202,79.6214511041009,47.093023255814
"40","CCL2","3948.66296024455","5.11456857083911","0.0771726917028784","66.274331735514","0","0","6347","UP",8,10,0.166666667,411.6306612,2.734365904,0.240666461,0.000632526,0,0,0,0,1,0,24.09672131,22.3,0.925437105,80.410094637224,25.4258675078864,71.1886304909561
"41","CCM2L","195.573219287143","-2.96281811993384","0.116927351105803","-25.3389655364116","1.18913329734083e-141","3.8653383862185e-140","140706","DOWN",9,4,0.4,0,0,0.287239919,0.006822609,0,0,0,1,1,1,3.34590163934426,4.9,1.464478197,98.5173501577287,10.1892744479495,86.4987080103359
"42","CD55","3516.12265965528","1.13232009288531","0.0244873474219109","46.2410269832711","0","0","1604","UP",10,12,0.109090909,884.3018973,87.85594672,0.323853021,0.022251319,0,1,1,1,1,3,25.9475409836066,8.2,0.316022239,53.0599369085173,85.9305993690852,27.2609819121447
"43","CD74","155.502240739412","6.64518251115294","0.291040351485064","22.8325126644646","2.18056160260403e-115","5.73679746486649e-114","972","UP",22,22,0.075862069,2032.479097,33.8164249,0.298393267,0.01151115,0,0,1,1,1,2,107.295081967213,72.9,0.679434683,29.1167192429022,63.9747634069401,55.297157622739
"44","CD81","10151.5767742938","1.29857127071499","0.0364378157518789","35.6380107841131","3.61379899730166e-278","2.71598861583827e-276","975","UP",22,54,0.091216216,11968.95893,25.47991106,0.333975594,0.033989695,0,0,1,1,1,2,67.6540983606557,46.6,0.688797887,42.08201893,55.3312302839117,56.0723514211886
"45","CD83","85.0493465232852","4.03814823016476","0.16176061387386","24.9637296339249","1.51504561448224e-137","4.76079380241895e-136","9308","UP",22,10,0.075757576,54.39647003,3.676454558,0.284049527,0.008865791,0,0,0,1,1,1,11.0491803278689,3.5,0.316765579,28.9905362776025,26.8769716088328,27.4547803617571
"46","CDA","3.14236852794108","-2.55809011482657","0.919530309281223","-2.78195301340983","0.00540328622461691","0.0126112305028914","978","DOWN",11,4,0.039215686,45.49233446,4.089185104,0.218181818,0.000151316,0,0,0,1,1,1,9.74426229508197,4.5,0.461810229,7.28706624605678,27.7602523659306,39.0180878552972
"47","CDH13","1466.71475654627","1.00844087733301","0.0464468999411345","21.7116939690503","1.59085179197882e-104","3.84656879497011e-103","1012","UP",9,10,0.138888889,181.1970458,32.52135669,0.282967531,0.004733507,0,1,1,1,1,3,7.46229508196721,0.9,0.120606327,69.9369085173502,62.4605678233439,13.2428940568475
"48","CDH2","2336.33614975603","1.26613300052515","0.0399355270413369","31.704426968363","1.35004198661265e-220","7.60373289786919e-219","1000","UP",1,26,0.116071429,4792.953387,109.9906689,0.331985529,0.042690126,0,1,1,1,1,3,6.083606557,6.8,1.117758017,58.1072555205047,89.3375394321767,78.6821705426357
"49","CEBPD","346.802251936305","3.49427156880052","0.0804007192031135","43.4607003946453","0","0","1052","UP",2,8,0.08,78.31390756,9.315157181,0.292518282,0.008395706,1,1,0,1,1,3,7.85081967213115,7.5,0.955314262,33.3123028391167,35.3943217665615,72.4160206718346
"50","CHMP5","1262.51850169675","1.13976698478183","0.046013706991791","24.7701621820031","1.88036500068242e-135","5.83878074356636e-134","51510","UP",9,8,0.043478261,54.21854208,1.831431667,0.276252878,0.005056576,1,1,0,1,1,3,34.4426229508197,19.8,0.57486911,9.68454258675079,23.5331230283912,47.6744186046512
"51","CLDN5","5930.57343384557","-1.45116662142429","0.0373028839248215","-38.9022635447946","0","0","7122","DOWN",22,8,0.1,390.3011572,35.9409975,0.253823625,0.001052394,0,0,0,1,1,1,12.5622950819672,5.4,0.429857758,47.8864353312303,65.8675078864353,36.4341085271318
"52","CLEC4E","0.844599288787315","4.47055025365732","1.6016657361365","2.7911880442926","0.00525149527123084","0.0122832116833396","26253","UP",22,50,0.071225071,4540.963007,41.41280919,0.321848566,0.039806248,0,0,0,1,1,1,6.77377049180328,1.1,0.162391094,25.7413249211356,69.1482649842271,16.0206718346253
"53","CLIC3","8.34604798711699","1.36993664138583","0.370551723828675","3.69701867051419","0.000218146304236385","0.000608370909202842","9022","UP",11,18,0.147540984,4565.611126,116.5977086,0.270363951,0.002132908,0,0,0,1,1,1,11.3590163934426,1.3,0.114446529,73.4384858044164,89.84227129,12.5322997416021
"54","CLTB","1743.7555874211","1.36339176178687","0.034020886638239","40.0751390251668","0","0","1212","UP",9,32,0.085106383,3941.099592,41.59331957,0.331139885,0.028686102,0,0,0,1,1,1,26.4852459016393,19.4,0.732483288,37.3817034700315,69.4637223974763,59.4961240310077
"55","CMKLR1","1.56776044611479","-4.10737018057204","1.0711790592524","-3.83443845834577","0.000125851475910435","0.000358605286164013","1240","DOWN",1,16,0.081632653,1152.544151,113.3425106,0.287929125,0.008076494,0,1,1,1,1,3,6.25901639344262,10.7,1.709533787,34.5110410094637,89.6529968454259,89.9870801033592
"56","CNKSR3","606.797289897617","2.30423914867495","0.0518641779061593","44.428336507023","0","0","154043","UP",9,6,0.063829787,32.94192814,4.302064145,0.236435283,0.000480593,1,1,1,1,1,4,7.25409836065574,12.6,1.736949153,21.2302839116719,28.0757097791798,90.374677002584
"57","COL3A1","19.3912434709952","-2.8483985689002","0.369261011760246","-7.71378097926465","1.22144016399113e-14","6.28264307541991e-14","1281","DOWN",6,10,0.238095238,105.6325,52.6277858,0.24671833,0.001005515,0,0,0,0,1,0,31.3819672131148,32,1.019693883,92.0820189274448,75.6466876971609,74.8708010335917
"58","COL4A2","33943.0971002127","1.8770133595559","0.0261272219909465","71.8412910567496","0","0","1284","UP",6,18,0.169811321,1263.22221,49.78319377,0.294561934,0.007371616,0,0,1,0,1,1,19.8213114754098,12.2,0.615499132,82.2082018927445,74.1324921135647,50.5167958656331
"59","COTL1","4927.33416295992","1.32597586885609","0.0249344832501283","53.1783977856958","0","0","23406","UP",2,4,0.034482759,8.677799409,0.739453045,0.255528256,0.001464219,0,1,1,1,1,3,30.5852459016393,30.8,1.007021493,5.0788643533123,21.5772870662461,74.1602067183463
"60","CPVL","14.1021724324055","-1.80216561563201","0.340582212748444","-5.29142611732076","1.21366219292662e-07","4.37671364469365e-07","54504","DOWN",15,24,0.077922078,5276.756955,39.42997597,0.316045381,0.013725252,0,0,0,0,1,0,16.1065573770492,15.8,0.980966921,31.2933753943218,68.2649842271293,73.578811369509
"61","CRTAC1","134.563033359345","1.08762080305748","0.106146879107762","10.2463757031736","1.22864414642343e-24","8.75446051070246e-24","55118","UP",11,8,0.153846154,434.6301626,212.9256877,0.262405383,0.001322483,0,0,0,1,1,1,5.75573770491803,31.6,5.49017374,75.8675078864353,95.3312302839117,98.4496124031008
"62","CSF3","239.444570215289","3.81260518606643","0.189897504114797","20.0771737566474","1.16856879070803e-89","2.41058172132157e-88","1440","UP",6,4,0.166666667,35.0156603,55.53177615,0.240555127,0.000608532,0,0,0,1,1,1,4.01639344262295,1.6,0.398367347,80.410094637224,76.5930599369085,34.5607235142119
"63","CSGALNACT1","810.573736314309","-4.05931006387636","0.089010975017146","-45.6046017145012","0","0","55790","DOWN",10,10,0.079365079,534.8690112,40.7081696,0.250320924,0.001472901,0,0,0,0,1,0,10.8852459016393,2.6,0.238855422,32.6182965299685,68.8958990536278,21.9638242894057
"64","CSRNP1","631.100956612639","1.1194002842069","0.0569068864264423","19.6707350287707","3.84171335458529e-86","7.56135058005489e-85","64651","UP",22,4,0.1,24.29756981,21.64265456,0.240777898,0.00043443,0,1,1,1,1,3,16.0983606557377,9.7,0.602545825,47.8864353312303,51.608832807571,49.4186046511628
"65","CSRP2","55.8157398320904","1.42200828600035","0.170839970450577","8.32362755770745","8.53113769105207e-17","4.73708984402677e-16","1466","UP",2,12,0.092307692,343.4350446,19.49154084,0.318302387,0.015244434,0,1,0,1,1,2,13.5786885245902,60.6,4.46287577,42.4605678233439,49.4637223974763,97.93281654
"66","CTSH","109.851278027061","1.77030271029326","0.138753128136057","12.7586508071902","2.78991409777412e-37","2.68621716823221e-36","1512","UP",11,8,0.066666667,1668.941286,79.06634933,0.246250987,0.000650355,0,0,0,1,1,1,17.616393442623,6.7,0.380327564,22.9968454258675,83.9747634069401,33.0749354
"67","CX3CL1","1024.77031783746","7.84025958665908","0.217184723534578","36.0994984318537","2.30947857224685e-285","1.78109100740044e-283","6376","UP",1,14,0.1,421.584276,28.05157783,0.284567676,0.011871821,0,0,1,1,1,2,10.9295081967213,12.2,1.116244188,47.8864353312303,58.8643533123028,78.6175710594315
"68","CXCL1","2958.19123306632","4.3572239890127","0.0856677055141948","50.8619200533008","0","0","2919","UP",8,12,0.272727273,1438.097019,60.69673912,0.266666667,0.002455004,0,0,0,0,1,0,9.21147540983607,2.1,0.227976508,94.9211356466877,79.11671924,21.5116279069767
"69","CXCL2","744.080660227984","5.24742258372269","0.101283388590333","51.8093110504748","0","0","2920","UP",8,14,0.318181818,207.4369646,21.09591818,0.247697682,0.001091392,0,0,0,0,1,0,8.41967213114754,5.1,0.605724299,96.3722397476341,51.1041009463722,49.8708010335917
"70","CXCL3","468.334318131635","5.8284782049451","0.143057030281547","40.7423402643983","0","0","2921","UP",8,12,0.6,433.4389125,219.9303744,0.269616315,0.00266784,0,0,0,0,1,0,3.68360655737705,0.8,0.21717846,99.4952681388013,95.7097791798107,20.4134366925065
"71","CYYR1","660.3885845588","-1.59960505624974","0.0741154512055072","-21.582612400407","2.61658701715913e-103","6.23096236306139e-102","116159","DOWN",0,2,0.142857143,0,0,0.250884529,0.002034277,1,0,0,1,1,2,10.1967213114754,11.6,1.137620579,71.5772870662461,10.1892744479495,79.1989664082687
"72","DDX60","987.309932678432","2.62507251251086","0.112252683145681","23.385387671349","6.01884258366562e-121","1.64778034955829e-119","55601","UP",22,4,0.023255814,17.67202931,1.488657106,0.255360943,0.00176594,0,1,1,1,1,3,9.67868852459017,9,0.929878049,1.198738170347,22.9652996845426,71.3824289405685
"73","DNAJB4","2951.00355867317","-1.99872955866192","0.0332597262836496","-60.094588320304","0","0","11080","DOWN",9,28,0.096551724,3260.464411,11.33686768,0.331844288,0.02459725,0,1,1,1,1,3,17.5836065573771,5.1,0.290042886,45.3943217665615,38.1072555205047,25.2583979328165
"74","DNAJB9","496.233252543719","1.07919623824052","0.0512940497236852","21.0394040644874","2.85948784520821e-98","6.50733400762475e-97","4189","UP",4,52,0.128712871,9977.949523,62.16493836,0.307753008,0.016621191,0,0,1,0,1,1,17.9180327868852,10.1,0.563677951,65.0473186119874,79.6845425867508,46.8346253229974
"75","DRD4","3.12193629189306","1.75239038872648","0.772388252166605","2.26879472054488","0.0232808121846837","0.0486370296340607","1815","UP",11,6,0.130434783,3136.245626,388.6703785,0.240852246,0.000707603,0,0,0,1,1,1,1.50491803278689,86.1,57.2124183,66.0252365930599,97.9179810725552,99.80620155
"76","DUSP4","2108.80486991193","-1.57517427955342","0.0451521626511688","-34.8859099335443","1.2160214505589e-266","8.72245903092384e-265","1846","DOWN",11,8,0.034782609,284.0007616,9.554557677,0.264945652,0.002147711,0,1,0,1,1,2,6.2983606557377,17.1,2.714992192,5.29968454258675,36.0252365930599,95.8010335917313
"77","DUSP5","693.677154393534","1.9328305808613","0.0563839462271875","34.2798032098242","1.56943857001396e-257","1.08613433471435e-255","1847","UP",3,2,0.018867925,0,0,1,2.15e-27,0,1,0,1,1,2,11.0131147540984,21,1.906817505,0.378548895899054,10.1892744479495,91.6020671834625
"78","EDNRB","153.743810534022","-1.16598431230439","0.0991167880338425","-11.7637418991652","6.0014297928449e-32","5.18213471208733e-31","1910","DOWN",22,4,0.058823529,10.53008244,6.555328153,0.287028519,0.011324474,0,0,1,1,1,2,12.5737704918033,51,4.056062581,17.4763406940063,31.5457413249211,97.54521964
"79","EFNB1","1989.76399213602","1.46483193414054","0.0347168238258993","42.1937197217838","0","0","1947","UP",1,64,0.125490196,7833.218257,51.07538159,0.344294858,0.093642197,0,0,1,0,1,1,11.8245901639344,14.9,1.260085956,64.2271293375394,74.8895899053628,82.4289405684755
"80","EGFL7","7047.06005559525","-1.29083752377039","0.0274312324122863","-47.0572194631775","0","0","51162","DOWN",4,14,0.083333333,812.3754443,6.053071065,0.293508937,0.007903846,0,0,1,1,1,2,17.427868852459,19.9,1.141849309,35.8044164037855,30.9779179810726,79.2635658914729
"81","EGR1","329.991431381277","3.05141275678243","0.176052674021382","17.3323851724731","2.67980427040796e-67","4.22449572327037e-66","1958","UP",2,18,0.169811321,804.6260439,100.2950665,0.297994269,0.009627326,0,1,1,1,1,3,35.2704918032787,56.1,1.590564722,82.2082018927445,88.0757097791798,88.6950904392765
"82","EGR2","2.83759916686031","3.61556604839902","0.786385764523088","4.59770027830008","4.27179921870308e-06","1.3756849039598e-05","1959","UP",15,32,0.098765432,8794.56119,213.6865399,0.28771671,0.005695443,0,0,0,0,1,0,6.77377049180328,7.8,1.151500484,46.5615142,95.3943217665615,79.4573643410853
"83","ELL2","1067.313926445","2.59740806115261","0.0447068392945954","58.0986735393439","0","0","22936","UP",14,2,0.027777778,0,0,1,2.15e-27,0,0,0,1,1,1,13.3049180327869,2.8,0.210448497,2.49211356466877,10.1892744479495,19.3152454780362
"84","ELOVL7","11.6253829671258","1.46851371311296","0.323320018745709","4.54198202390909","5.57277940471133e-06","1.77959433250044e-05","79993","UP",23,4,0.090909091,531.0354212,109.4381992,0.289263861,0.007604036,0,0,1,1,1,2,7.67213114754098,4.2,0.547435897,41.2302839116719,89.2744479495268,45.67183463
"85","EMCN","1438.91390408511","-3.79317571951714","0.120947296085696","-31.3622200932009","6.62961044725266e-216","3.62998090358968e-214","51705","DOWN",9,4,0.222222222,0,0,0.253741054,0.003317283,0,0,1,1,1,2,10.3491803278689,19.8,1.913194994,91.0094637223975,10.1892744479495,91.6666666666667
"86","ENTPD1","283.415139382162","-1.23379621373161","0.0933749273300655","-13.2133566152114","7.34735098015902e-40","7.47371274917124e-39","953","DOWN",11,2,0.066666667,0,0,0.239117106,0.000572222,0,0,1,1,1,2,12.1606557377049,10.8,0.888110003,22.9968454258675,10.1892744479495,69.4444444444444
"87","EXOC3L2","5.18639642512657","2.03338226243952","0.546545317771781","3.72042755892493","0.000198885785390585","0.000557092658686341","90332","UP",22,2,0.076923077,0,0,0.226480836,0.000310015,0,1,1,1,1,3,2.69821428571428,13.7,5.077432164,30.1577287066246,10.1892744479495,98.32041344
"88","EXT1","2239.86908310882","1.01150009158002","0.0299274461094459","33.7984099238179","2.08118606485434e-250","1.38349042097176e-248","2131","UP",4,14,0.125,670.3608365,27.66395701,0.301449275,0.010866731,0,0,1,0,1,1,10.7852459016393,13.2,1.223894209,63.4069400630915,58.2334384858044,81.1369509043928
"89","F3","34.2980133096578","2.75968085598357","0.222311260389488","12.4135900770326","2.20537685580458e-35","2.04337214056271e-34","2152","UP",22,6,0.125,53.28040598,6.787271576,0.280273087,0.006115361,0,1,1,1,1,3,19.4393442622951,49.9,2.566959015,63.4069400630915,31.9242902208202,95.5426356589147
"90","FCGRT","1995.16619092597","-1.21233290962481","0.0379487358297753","-31.9465954034124","6.02397588157135e-224","3.45048074828161e-222","2217","DOWN",22,30,0.130434783,2825.871901,47.89320299,0.304747021,0.016354377,0,0,1,1,1,2,33.9704918032787,27.5,0.809526108,66.0252365930599,72.99684543,64.6640826873385
"91","FILIP1","164.825110437488","-4.1255210162851","0.171636851545309","-24.0363358983897","1.16009700519054e-127","3.39245715309685e-126","27145","DOWN",9,2,0.038461538,0,0,0.238095238,0.000499706,0,1,0,1,1,2,5.47868852459016,4.3,0.784859366,6.65615141955836,10.1892744479495,63.3074935400517
"92","FLRT2","1974.9592536161","-1.2283575366517","0.035145564606429","-34.9505705885575","1.26932400726674e-267","9.18858197775696e-266","23768","DOWN",1,8,0.181818182,11.55346511,9.410896174,0.288514888,0.027062173,0,0,0,0,1,0,5.309836066,50.6,9.529484409,84.8264984227129,35.583596214511,99.3540051679587
"93","FLT1","3497.75974593194","1.17509705461917","0.0319473977111486","36.782246405287","3.5495392138282e-296","2.91866118143316e-294","2321","UP",0,12,0.038216561,1170.240754,53.53981293,0.274938315,0.00333859,1,0,0,1,1,2,9.08360655737705,9.1,1.001804728,6.49842271293375,76.1514195583596,74.031007751938
"94","FNIP2","419.400041507422","1.67724996555847","0.0591196905285551","28.3704117961908","4.68821548019286e-177","1.97919851730002e-175","57600","UP",9,2,0.05,0,0,0.272156315,0.002509151,0,0,0,1,1,1,11.8868852459016,8,0.673010619,13.4700315457413,10.1892744479495,54.9741602067183
"95","FOSB","13.7404956247719","1.36362876388409","0.308930284750103","4.41403394616084","1.01462038691419e-05","3.17391655763362e-05","2354","UP",15,8,0.093023256,236.2459244,32.69131696,0.259136213,0.001454289,0,0,0,0,1,0,22.3868852459016,38.6,1.724223784,42.9022082018927,62.7129337539432,90.0516795865633
"96","FOXP1","1182.54702100691","1.13811118729734","0.0454555292996133","25.0379041853335","2.364694391079e-138","7.47047161112091e-137","27086","UP",15,32,0.118518519,3463.344476,86.88395321,0.310077519,0.014785555,0,0,0,0,1,0,17.1213114754098,11.3,0.65999617,59.8107255520505,85.7413249211356,53.8113695090439
"97","FSTL1","17044.4896720816","1.28835244453044","0.0170018429728633","75.7772228920584","0","0","11167","UP",4,22,0.171875,3361.274582,68.25829026,0.287239919,0.006297073,0,0,1,0,1,1,24.7918032786885,26.2,1.056800899,82.6498422712934,80.9463722397476,76.421188630491
"98","FXYD6","72.310794052316","2.70609807282657","0.182854300973957","14.799203838317","1.48226720179691e-49","1.79845880181004e-48","53826","UP",22,22,0.127906977,4569.227868,53.14150351,0.277136259,0.006752807,0,0,0,0,1,0,23.3606557377049,11.9,0.509403509,64.794952681388,75.9621451104101,42.5064599483204
"99","GADD45B","608.770871284417","1.20300545241322","0.0597753454052422","20.125445436702","4.41784125448541e-90","9.15334817950844e-89","4616","UP",9,2,0.038461538,0,0,0.217361014,0.000149391,0,1,1,1,1,3,27.7393442622951,26.6,0.958926777,6.65615141955836,10.1892744479495,72.6744186046512
"100","GADD45G","40.4802076637384","2.19078803112409","0.179654188589256","12.1944723266815","3.32651810381891e-34","3.0031561106359e-33","10912","UP",11,10,0.065789474,745.6041238,9.458988543,0.26762738,0.002494915,0,1,0,1,1,2,10.7327868852459,3,0.279517336,22.3343848580442,35.7097791798107,24.4832041343669
"101","GALNT15","123.4431096407","-5.65463527191161","0.315223501301078","-17.9384952218734","5.90321499085787e-72","9.81056130769401e-71","117248","DOWN",22,10,0.277777778,135.5158963,30.11386041,0.250240616,0.001329584,0,0,0,1,1,1,10.7196721311475,1.3,0.121272366,95.205047318612,61.0725552050473,13.3720930232558
"102","GBP1","1091.18805381011","3.25487717128098","0.099151183251523","32.8274163206316","2.39281287459811e-236","1.4553605934959e-234","2633","UP",10,10,0.128205128,1784.116075,120.0419265,0.261306533,0.002639336,0,0,0,1,1,1,14.1196721311475,5.4,0.382445141,64.8580441640378,90.0946372239748,33.2041343669251
"103","GBP4","847.229157249223","4.29663760890336","0.104349254173883","41.1755468969967","0","0","115361","UP",9,2,1,0,0,0.237406787,0.000654406,0,1,1,1,1,3,8.46229508196721,17.4,2.056179775,99.8107255520505,10.1892744479495,93.0232558139535
"104","GDF15","2971.87756744499","1.67477404661613","0.0409149845220475","40.9330240785905","0","0","9518","UP",4,12,0.084507042,776.9781533,29.65832841,0.305882353,0.012762202,0,0,1,0,1,1,13.5918032786885,1.6,0.117718007,36.9716088328076,60.5678233438486,12.7260981912145
"105","GIMAP1","1353.31738160456","-3.45214775076016","0.0657944511642145","-52.4686761524014","0","0","170575","DOWN",22,18,0.204545455,1550.329857,292.4569476,0.276939464,0.00671169,0,0,0,0,1,0,6.7655737704918,5.2,0.768597044,89.5268138801262,96.5299684542587,61.8217054263566
"106","GIMAP4","3801.76844376502","-2.10510248553844","0.0413537345538508","-50.9047733717295","0","0","55303","DOWN",9,2,0.25,0,0,0.252345519,0.001420164,0,1,1,1,1,3,15.3770491803279,6.8,0.442217484,93.5015772870663,10.1892744479495,37.7260981912145
"107","GIPC2","238.739139311495","-3.33797784948628","0.113895713759305","-29.3073175390989","8.36756095936329e-189","3.79742444384643e-187","54810","DOWN",23,2,0.035714286,0,0,0.24375,0.000687237,0,1,1,1,1,3,5.28360655737705,1.5,0.28389699,5.77287066246057,10.1892744479495,24.80620155
"108","GJA1","10148.9667012578","1.32667937733693","0.0203240451729387","65.2763446473438","0","0","2697","UP",1,108,0.093913043,15452.40816,24.17550415,0.359944624,0.145646072,0,0,0,0,1,0,23.855737704918,26.3,1.102460143,43.7854889589905,53.8170347003155,78.1007751937985
"109","GJA4","27.7146498960671","-4.86745197692738","0.542099722690878","-8.97888667562176","2.7352031774995e-19","1.66661657076712e-18","2701","DOWN",22,4,0.25,86.05441019,318.8679556,0.251531764,0.001413209,0,0,1,1,1,2,9.31803278688524,13.3,1.427339901,93.5015772870663,96.9085173501577,85.8527131782946
"110","GNG5","1614.85685968236","1.21055400836256","0.0363928997408004","33.2634666922516","1.30386314594519e-242","8.31618010301635e-241","2787","UP",9,16,0.105263158,1341.416207,99.7800092,0.290719344,0.006093656,0,1,1,1,1,3,38.3377049180328,20.9,0.545155221,51.0725552050473,87.9495268138801,45.6072351421189
"111","GPIHBP1","104.57975867289","-6.24403576339068","0.385836256412506","-16.1831234354375","6.63418329263212e-59","9.31350931129241e-58","338328","DOWN",4,42,0.159090909,3045.340171,87.45395368,0.300693909,0.012752707,0,0,1,0,1,1,3.7125,1.1,0.296296296,77.5394321766561,85.8044164,25.7105943152455
"112","GPM6B","5.89853293639601","-1.26041221911797","0.549315997372856","-2.29451212989606","0.0217610991267635","0.0457170994651911","2824","DOWN",11,4,0.08,35.82452638,6.682478617,0.2268431,0.000649522,0,0,1,1,1,2,19.0065573770492,3.2,0.168362946,33.3123028391167,31.7350157728707,16.2790697674419
"113","GRK5","1705.479778364","-1.17385720056123","0.0354570436152414","-33.1064601239523","2.39921417741014e-240","1.49390647421377e-238","2869","DOWN",11,14,0.040229885,5264.792438,32.84551984,0.304568528,0.013637782,0,0,0,1,1,1,9.62950819672131,5.6,0.581545795,7.7602523659306,63.0283911671924,48.12661499
"114","GTF2B","270.769431087238","1.0435512038721","0.0698356392044488","14.9429605823043","1.73110185817725e-50","2.13550824626895e-49","2959","UP",2,22,0.088,4199.839718,92.50352764,0.327387198,0.019521597,0,1,0,1,1,2,25.983606557377,13.8,0.531104101,39.3059936908517,86.87697161,44.3152454780362
"115","HAPLN3","908.362212857865","1.84144629597112","0.0499486605273082","36.8667803406731","1.57489663046594e-297","1.30406966955669e-295","145864","UP",2,14,0.194444444,1588.075517,160.2797269,0.299022427,0.008900377,0,1,1,1,1,3,4.84918032786885,3.2,0.659905341,86.813880126183,93.3123028391167,53.7467700258398
"116","HBEGF","683.296194794383","1.63817792515972","0.0663548937184649","24.6881252211825","1.43460746544264e-134","4.41398977535603e-133","1839","UP",6,12,0.4,804.6402852,8.292723071,0.308605341,0.014573417,0,1,1,1,1,3,10.2344262295082,6.7,0.654653212,98.5173501577287,34.0694006309148,53.1653746770026
"117","HDAC9","311.948379571795","3.38386888535617","0.0911727329090566","37.1149221635324","1.61422392890967e-301","1.37029030569566e-299","9734","UP",2,10,0.069444444,216.3477188,10.22391123,0.288568257,0.004884286,1,1,1,1,1,4,10.4360655737705,9.7,0.929469054,24.8580441640379,36.8454258675079,71.3178294573643
"118","HECW2","3086.88556167139","1.02190209173765","0.0400652629852948","25.5059374529183","1.69386298717955e-143","5.6063776485905e-142","57520","UP",2,34,0.053291536,5077.336626,9.691566609,0.299366724,0.012639864,0,1,1,1,1,3,5.29508196721311,1.2,0.226625387,14.7003154574132,36.1514195583596,21.3178294573643
"119","HGF","13.2647036419615","1.32096621375209","0.311596579476429","4.23934760763961","2.24170310842551e-05","6.82429716921227e-05","3082","UP",4,8,0.1,330.8589378,57.14071928,0.285139828,0.004994696,0,0,1,1,1,2,6.77540983606557,2,0.295185096,47.8864353312303,77.4763406940063,25.5813953488372
"120","HLA-A","16872.4963464773","2.12475280660679","0.0370315825148272","57.376775776624","0","0","3105","UP",22,84,0.146341463,10462.94447,26.16524499,0.360193951,0.124497621,0,0,1,1,1,2,49.7,52.4,1.054325956,72.99684543,56.3406940063091,76.1627906976744
"121","HLA-B","12599.1501439852","3.2467738284113","0.0805916312258168","40.2867367123254","0","0","3106","UP",22,70,0.14893617,8014.159922,43.43148154,0.351035104,0.074877382,0,0,0,0,1,0,54.7114754098361,45.4,0.829807635,73.8170347003155,70.2839116719243,65.8268733850129
"122","HLA-C","20824.3073866057","1.84623752194128","0.0605117854763476","30.5103792163417","1.89801641556037e-204","9.65329512732958e-203","3107","UP",22,120,0.164383562,34259.84914,50.18501398,0.380116959,0.127700773,0,0,1,0,1,1,34.8786885245902,29.2,0.837187441,78.80126183,74.4479495268139,66.4082687338501
"123","HLA-DPA1","30.9730528247982","1.17115483753998","0.204970905153629","5.71376135877522","1.10505939810298e-08","4.24935583116052e-08","3113","UP",4,42,0.179487179,5686.746375,109.1123752,0.307510349,0.021365024,0,0,1,1,1,2,11.5622950819672,7.5,0.648660145,84.2902208201893,89.211356466877,52.5839793281654
"124","HLA-DRB1","11.0534244006923","2.07220149889437","0.394163163709926","5.25721754257927","1.46251273544254e-07","5.24446710890572e-07","3123","UP",22,26,0.107438017,1397.365169,25.33468917,0.311128839,0.019951574,0,0,0,1,1,1,21.0688524590164,16.1,0.76416122,52.23974763,55.1419558359621,61.4987080103359
"125","HLA-F","410.056692621623","3.64558475849801","0.147116718282343","24.7802207734235","1.46500359527029e-135","4.55502237744185e-134","3134","UP",22,28,0.166666667,885.1425668,35.57209978,0.301100174,0.020075492,0,0,1,0,1,1,11.4868852459016,8.9,0.774796632,80.410094637224,65.4889589905363,62.40310078
"126","HOPX","106.144485235915","-2.99698665372745","0.15901389900072","-18.8473251241635","3.09080700828277e-79","5.62374360743755e-78","84525","DOWN",15,4,0.133333333,22.33455028,33.11046472,0.250080154,0.001021294,0,0,0,1,1,1,23.2688524590164,1,0.042975905,67.6656151419558,63.3438485804416,6.97674418604651
"127","ICAM1","7279.30129397316","6.02766632926507","0.0906711075547825","66.4783577902499","0","0","3383","UP",9,18,0.036437247,1805.067869,9.300550135,0.314136126,0.012552341,0,0,1,1,1,2,12.8770491803279,10.6,0.823169955,6.02523659305994,35.3312302839117,65.4392764857881
"128","ID2","67.8306842581902","2.11828525084246","0.134210850256289","15.7832637733639","4.05658425720208e-56","5.4766208172604e-55","3398","UP",2,10,0.054945055,2037.890561,41.14942296,0.299654245,0.008807355,0,1,1,1,1,3,33.4147540983607,13.3,0.398027768,15.4574132492114,69.0220820189274,34.4961240310078
"129","IFI27","5484.00440595308","2.61252295728891","0.189890683533438","13.7580365117221","4.55736741578534e-43","4.93798501584565e-42","3429","UP",2,4,0.25,0,0,0.265667575,0.002679483,0,1,1,1,1,3,16.4491803278689,9.7,0.589695037,93.5015772870663,10.1892744479495,48.578811369509
"130","IFI6","4850.97668322835","4.38083962773908","0.364063215389577","12.0331839157418","2.37809596028277e-33","2.11616465183684e-32","2537","UP",23,2,0.020408163,0,0,0.288195086,0.007555159,0,0,0,1,1,1,28.8229508196721,31.6,1.096348538,0.599369085173502,10.1892744479495,77.9715762273902
"131","IFIH1","959.818736242846","3.16558566574334","0.138485505000609","22.8586065070811","1.19999354082653e-115","3.16409470055477e-114","64135","UP",2,6,0.068181818,172.3871262,12.56080548,0.292463442,0.008217265,1,1,1,1,1,4,10.7098360655738,5.9,0.550895454,24.006309148265,39.55835962,45.9302325581395
"132","IFITM1","1236.81514586797","6.18093073862474","0.389875745052844","15.8535913481537","1.32771386947366e-56","1.80176650981649e-55","8519","UP",22,60,0.084033613,7053.258982,43.55200529,0.337589266,0.05151904,0,0,1,1,1,2,46.5754098360656,49.5,1.06279258,36.782334384858,70.410094637224,76.7441860465116
"133","IFITM3","5907.01289840305","1.39755643205105","0.0951493071947117","14.6880358171302","7.69110241349159e-49","9.21799521868908e-48","10410","UP",22,88,0.085271318,17669.66776,23.9049274,0.35543404,0.074041396,0,0,0,1,1,1,69.8918032786885,81,1.158934184,37.5709779179811,53.5646687697161,79.6511627906977
"134","IGFBP4","12451.0329895061","-1.42947889864925","0.0434928737462194","-32.8669682070273","6.51876140239439e-237","3.98539508640169e-235","3487","DOWN",0,4,0.058823529,164.1315794,10.69589142,0.265712826,0.004776212,1,1,1,1,1,4,51.1393442622951,46.2,0.903414009,17.4763406940063,37.6656151419558,70.3488372093023
"135","IGFBP5","121.20136895371","-1.37617385686321","0.247030477728231","-5.5708666781481","2.53475243714437e-08","9.54333483793397e-08","3488","DOWN",22,32,0.136752137,3895.208956,33.57089481,0.286975717,0.007661762,0,0,0,0,1,0,29.2901639344262,188.5,6.435607545,69.0851735015773,63.7223974763407,98.8372093023256
"136","IGFBP6","193.153968274728","-1.32981012935946","0.0993740972150644","-13.3818587199992","7.71925387818497e-41","8.00380809627799e-40","3489","DOWN",15,10,0.104166667,237.328488,15.77011434,0.274358072,0.003289473,0,0,0,1,1,1,18.16557377,41.5,2.284541106,50.3785488958991,43.8485804416404,94.3152454780362
"137","IGFBP7","8190.2596905379","1.33156887012309","0.0275701100199142","48.2975537334192","0","0","3490","UP",0,6,0.157894737,83.01144128,34.76697182,0.230360307,0.000301127,1,1,1,1,1,4,52.1344262295082,126.9,2.434092195,77.0977917981073,64.9842271293375,94.9612403100775
"138","IL1RL1","3820.35610433452","1.3202878497801","0.0459782497611342","28.7154873584629","2.44454172322755e-181","1.05271423588407e-179","9173","UP",22,8,0.2,196.2842421,25.85507595,0.269104709,0.0023694,0,0,1,1,1,2,6.84754098360656,1,0.146037826,88.2649842271293,56.0252365930599,14.7932816537468
"139","IL32","3071.99428796052","3.43289640621082","0.0424358653470377","80.8961094144498","0","0","9235","UP",2,4,0.068965517,0,0,0.253246753,0.001204067,0,1,1,1,1,3,31.3180327868852,4,0.127721943,24.5110410094637,10.1892744479495,13.7596899224806
"140","IL4R","2498.90931418321","1.33357312140989","0.0336790261243559","39.5965464228634","0","0","3566","UP",1,10,0.111111111,583.8492854,32.2559749,0.280222741,0.009820181,0,1,1,1,1,3,15.7180327868852,12.3,0.782540676,54.7634069400631,62.3343848580442,62.9198966408269
"141","IL6","235.32202465674","3.59970618692138","0.173494231531099","20.7482759233763","1.27066811768343e-95","2.78944157294988e-94","3569","UP",2,6,0.272727273,42.06907608,17.03574061,0.264675942,0.001829321,0,1,1,1,1,3,7.78524590163934,3.3,0.423878711,94.9211356466877,45.8675078864353,36.046511627907
"142","IL6ST","11608.6331572784","1.1354566678086","0.0291405660525699","38.96481165672","0","0","3572","UP",1,4,0.028169014,2.074475253,0.039230354,0.285661967,0.016390514,1,1,1,1,1,4,27.1901639344262,20,0.735560111,2.6813880126183,20.3785488958991,59.8191214470284
"143","IRF1","1067.43396404379","3.35677488647315","0.0696507046085027","48.1944139020722","0","0","3659","UP",2,10,0.076923077,166.3223914,13.83067453,0.290016732,0.006313947,0,1,0,1,1,2,19.3360655737705,10.3,0.53268334,30.1577287066246,41.4511041009464,44.5090439276486
"144","IRF9","91.2151925546025","1.13455701136158","0.123918577539898","9.15566522700191","5.40239192595366e-20","3.3709954273025e-19","10379","UP",2,12,0.153846154,227.2590328,10.64450743,0.293343362,0.006717248,0,1,1,1,1,3,22.6967213114754,17.8,0.784254243,75.8675078864353,37.5394321766561,63.2428940568475
"145","ISG15","2125.66452187179","3.59634087611467","0.214961942432867","16.7301282981187","7.90677912662929e-63","1.17059021712249e-61","9636","UP",9,78,0.079918033,13220.10404,20.01909961,0.342631232,0.054296266,0,1,1,1,1,3,19.3573770491803,7.6,0.392615176,32.9337539432177,50.2208201892744,33.9793281653747
"146","ITGA5","31817.1914321618","1.15004355350454","0.0168626085938882","68.2008093291906","0","0","3678","UP",1,32,0.137931034,3301.201206,26.31132968,0.33649698,0.052855818,1,1,1,1,1,4,15.8196721311475,4.9,0.309740933,69.589905362776,56.5299684542587,26.8087855297158
"147","ITGA6","15145.2323161757","-1.5711822933798","0.0474389704294512","-33.1200757342822","1.52786825802681e-240","9.5639689711339e-239","3655","DOWN",1,46,0.163120567,6451.956526,43.48814904,0.335339639,0.058770118,0,1,1,1,1,3,16.4737704918033,17.6,1.068365011,78.4227129337539,70.3470031545741,76.87338501
"148","ITGAV","8452.14805131363","2.80259920878287","0.0347189518233466","80.7224602586728","0","0","3685","UP",4,42,0.134615385,5127.667919,33.03345534,0.338762215,0.064903602,0,0,1,0,1,1,17.7491803278689,83.4,4.698808534,68.4858044164038,63.2807570977918,98.12661499
"149","JAG1","2664.7974191641","3.17658756001602","0.0596291693639903","53.2723764878459","0","0","182","UP",1,8,0.102564103,2.074475253,0.957095099,0.301391036,0.030707166,0,1,1,1,1,3,14.1213114754098,21.4,1.515439981,49.7160883280757,21.9558359621451,87.5322997416021
"150","JUNB","1335.16085272854","2.95616845382495","0.0513444721108591","57.5752039565664","0","0","3726","UP",15,34,0.150442478,3966.462455,29.35435095,0.316879951,0.012766068,0,1,0,0,1,1,40.0311475409836,47.3,1.181579917,74.5110410094637,60.1261829652997,79.9741602067184
"151","KCNN3","98.3682527388572","-1.77339545054387","0.133416268127664","-13.2921979862826","2.56918707168127e-40","2.63380737205066e-39","3782","DOWN",1,2,0.1,0,0,0.283481737,0.009584463,0,0,1,1,1,2,6.15573770491803,0.1,0.016245007,47.8864353312303,10.1892744479495,5.29715762273902
"152","KCTD12","9434.49191553119","-3.27284064384584","0.0468193708841341","-69.9035587630017","0","0","115207","DOWN",2,26,0.128712871,1385.920159,33.97654982,0.308178586,0.013785644,0,1,1,1,1,3,10.7081967213115,13.8,1.288732394,65.0473186119874,64.1009463722397,83.26873385
"153","KDR","12117.7151482895","-1.63818174636857","0.0284156655743387","-57.6506554837823","0","0","3791","DOWN",0,22,0.083969466,4131.18482,31.49602747,0.316045381,0.020466686,1,0,0,0,1,1,6.6016393442623,27.6,4.180779737,36.7192429022082,62.018927444795,97.73901809
"154","KLF2","423.007544485489","-2.26548258442702","0.079673138160253","-28.4347100759389","7.53186778653003e-178","3.19110498912607e-176","10365","DOWN",2,4,0.153846154,28.18567854,7.147238497,0.270598439,0.002647947,0,1,0,1,1,2,22.1377049180328,38.3,1.730079976,75.8675078864353,32.5552050473186,90.2454780361757
"155","KLF4","90.1302374842287","1.92942736977529","0.153113691247239","12.6012726494834","2.07764833105594e-36","1.9627871483022e-35","9314","UP",2,10,0.032051282,1773.620355,14.42708382,0.28482746,0.005583289,0,1,0,0,1,1,15.372131147541,11.7,0.761117628,4.10094637223975,41.8296529968454,61.1757105943152
"156","KLF6","8914.72386590448","1.00741187160508","0.0227114296520908","44.3570434374807","0","0","1316","UP",2,8,0.04494382,122.0116526,12.26970848,0.269896194,0.002652154,0,1,1,1,1,3,26.955737704918,13.2,0.489691662,10.2523659305994,39.2429022082019,41.0206718346253
"157","KLHL21","1368.48849693406","1.77827939468194","0.0522140878133073","34.0574635918226","3.14715737615329e-254","2.13418870459315e-252","9903","UP",23,14,0.155555556,868.1707201,69.75377956,0.285609667,0.00583986,0,0,0,0,1,0,13.0131147540984,17.1,1.314058957,76.5930599369085,81.64037855,83.9793281653747
"158","LAMA5","4021.07648542541","-1.1231355480194","0.0362369229161906","-30.9942306805963","6.44726605228007e-211","3.4267799902648e-209","3911","DOWN",4,24,0.117647059,1323.208904,12.94145074,0.32486464,0.026031497,0,0,1,1,1,2,11.3409836065574,18.6,1.640069384,59.24290221,40.0630914826498,88.953488372093
"159","LAP3","4264.77723726198","1.21754614711915","0.0751304817803532","16.2057545521762","4.592159198268e-59","6.4583054183508e-58","51056","UP",4,12,0.056074766,346.544269,16.84112545,0.318953179,0.020149184,0,1,1,1,1,3,26.6016393442623,15,0.563875023,16.3722397476341,45.36277603,46.9638242894057
"160","LBH","547.1272321435","3.6667994410729","0.0672236312700931","54.5462863548731","0","0","81606","UP",9,2,0.045454545,0,0,0.18651363,2.49e-05,0,1,1,1,1,3,17.2786885245902,32,1.85199241,10.7570977917981,10.1892744479495,91.34366925
"161","LDB2","1774.70841710843","-3.47425353952875","0.112552825468498","-30.8677594282265","3.23635595143637e-209","1.68597713240501e-207","9079","DOWN",15,4,0.068965517,7.265066579,1.648813381,0.240073869,0.000511416,0,0,0,1,1,1,12.0754098360656,15.4,1.275319033,24.5110410094637,23.3438485804416,83.0103359173127
"162","LEPR","290.665290192657","-1.0566316916197","0.0832183801903752","-12.6970951513655","6.13654405745814e-37","5.8677594494309e-36","3953","DOWN",4,6,0.09375,86.60853985,6.368693224,0.272251309,0.003342156,0,0,1,1,1,2,9.37704918,18.1,1.930244755,43.4384858,31.2933753943218,92.1188630490956
"163","LHX6","482.066773027275","-5.15321231428896","0.144644589881617","-35.6267200764755","5.4053573455759e-278","4.03674139234955e-276","26468","DOWN",15,10,0.089285714,232.0632356,10.30624152,0.282506338,0.006539758,0,0,0,1,1,1,3.68524590163934,1.4,0.379893238,39.8738170347003,36.9085173501577,32.9457364341085
"164","LIMS2","204.809560289814","-1.62914305789618","0.0966793024890634","-16.8510013617493","1.03153170171597e-63","1.54854431480885e-62","55679","DOWN",15,2,0.047619048,0,0,0.244744274,0.0007135,0,0,0,0,1,0,16.0622950819672,20.4,1.270055113,12.1135646687697,10.1892744479495,82.8811369509044
"165","LITAF","161.702888165847","1.33777545602923","0.0867031672412779","15.4293724046604","1.03875396332247e-53","1.35284518655888e-52","9516","UP",2,22,0.150684932,1897.421668,62.52146138,0.303561004,0.009897822,0,1,0,1,1,2,36.7393442622951,26,0.707688189,74.6372239747634,79.7476340694006,57.4935400516796
"166","LMO2","1028.83913950668","-1.64377891327575","0.0480589270346148","-34.2034043350948","2.15196255714808e-256","1.48491708731397e-254","4005","DOWN",15,32,0.06374502,5119.223636,23.24408426,0.307207562,0.00908832,0,0,0,0,1,0,9.3672131147541,14.6,1.558627931,21.0094637223975,53.0599369085173,88.1782945736434
"167","LMO7","646.577217047675","-1.51873546904377","0.0516895563646707","-29.3818631045904","9.36429419083034e-190","4.27442898664227e-188","4008","DOWN",9,18,0.049450549,2222.859889,25.91250268,0.315024233,0.01736351,0,1,1,1,1,3,12.2311475409836,2.7,0.220747889,13.1545741324921,56.0883280757098,20.671834625323
"168","LPCAT2","1708.41308830464","-1.00197658594494","0.0442898974647906","-22.6231407905492","2.56550879549807e-113","6.61676962458567e-112","54947","DOWN",22,26,0.164556962,1670.437999,101.2195632,0.327181208,0.028582878,0,0,1,0,1,1,11.1606557377049,5.1,0.456962397,78.8643533123028,88.3280757097792,38.6304909560724
"169","LRG1","19.9342343890591","4.84865801758899","0.398343933719768","12.1720393036033","4.38000860002636e-34","3.94217478840663e-33","116844","UP",11,2,0.1,0,0,0.23465704,0.000414648,0,0,0,1,1,1,12.8147540983607,0.3,0.023410516,47.8864353312303,10.1892744479495,5.74935400516796
"170","MAFF","3353.78173413283","1.44446171233744","0.041675795925076","34.6594871261551","3.21446833482581e-263","2.26442502189714e-261","23764","UP",15,12,0.133333333,517.0374506,12.49662677,0.278969957,0.003591954,0,1,0,1,1,2,14.9655737704918,5.9,0.394238142,67.6656151419558,39.4952681388013,34.3023255813954
"171","MARCKSL1","4385.39333074472","-1.01173356023133","0.0389945956070433","-25.9454815335637","2.04483867206013e-148","7.10694371457245e-147","65108","DOWN",1,16,0.059701493,537.7787728,21.91912327,0.330578512,0.040503604,1,1,1,1,1,4,28.8262295081967,5.2,0.180391265,18.0441640378549,51.98738170347,16.9896640826873
"172","MMD","196.601854517303","1.63997455805492","0.0822886858014525","19.9295266667872","2.2568630260779e-88","4.57951079556427e-87","23531","UP",2,4,0.083333333,66.40223416,16.20104114,0.283275831,0.006290641,0,1,1,1,1,3,8.20983606557377,3.2,0.389776358,35.8044164037855,44.3533123028391,33.656330749354
"173","MMRN1","13127.6887662198","-2.20979448631964","0.0367629891845223","-60.1092167785418","0","0","22915","DOWN",11,2,0.043478261,0,0,0.197618444,2.6e-05,0,0,0,1,1,1,8.27377049180328,3.7,0.447196354,9.68454258675079,10.1892744479495,38.0490956072351
"174","MRC2","1779.83409474944","1.09588615444851","0.0420226274835726","26.0784777171992","6.39743528862236e-150","2.25332948322685e-148","9902","UP",4,14,0.104477612,977.4062282,44.52087776,0.32561052,0.025145187,0,0,1,0,1,1,11.5672131147541,35.1,3.034438776,50.5678233438486,70.7255520504732,96.3178294573643
"175","MSX1","155.981411993196","1.85371779350411","0.109425785171996","16.9404111708262","2.26535747686162e-64","3.43353700041474e-63","4487","UP",9,4,0.125,0,0,0.239815527,0.000630465,0,1,1,1,1,3,4.68524590163934,1.7,0.362841148,63.4069400630915,10.1892744479495,31.0723514211886
"176","MT1E","571.673648871683","2.96945874232696","0.117015610783922","25.376603364574","4.57185115275352e-142","1.49226992190637e-140","4493","UP",15,2,0.166666667,0,0,0.191036003,2.05e-05,0,1,1,1,1,3,35.5573770491803,13.9,0.390917473,80.410094637224,10.1892744479495,33.7209302325581
"177","MT1M","7.06960546704531","2.61626383757006","0.480965299512088","5.43961038400089","5.33972168760434e-08","1.97202022074765e-07","4499","UP",15,8,0.25,1992.656884,302.4987792,0.236113213,0.000513843,0,0,0,1,1,1,16.255737704918,3.5,0.215308592,93.5015772870663,96.782334384858,20.0258397932817
"178","MT1X","56.7100687611672","3.29448214619184","0.180081186271535","18.2944271658909","9.16595056328006e-75","1.58235016344438e-73","4501","UP",2,8,0.19047619,181.4614222,61.94701294,0.251978679,0.001255133,0,1,1,1,1,3,48.6049180327869,8.2,0.168707208,86.2460567823344,79.4952681388013,16.343669250646
"179","MT2A","10085.8302546001","3.85632635669508","0.0774384631378465","49.7985910416445","0","0","4502","UP",2,2,0.029411765,0,0,0.264093448,0.002321722,0,1,1,1,1,3,50.2573770491803,15.9,0.316371465,3.34384858044164,10.1892744479495,27.3255813953488
"180","MTUS1","6106.823069288","-1.80996266240052","0.0431200734068036","-41.9749439043149","0","0","57509","DOWN",9,14,0.0875,439.8363381,5.180885902,0.287769784,0.004679405,0,1,0,1,1,2,21.0803278688525,10.3,0.488607201,39.0851735015773,29.2744479495268,40.8914728682171
"181","MX1","5015.05804502","5.12548029980777","0.433429863929129","11.8253972011625","2.88534690633349e-32","2.50889099640988e-31","4599","UP",23,12,0.113207547,522.955755,23.08184367,0.310077519,0.013034694,0,0,0,1,1,1,15.9016393442623,15.9,0.999896907,56.3406940063091,52.9337539432177,73.9664082687339
"182","MYO1E","3876.87700762934","1.65266391235207","0.0398742413267671","41.4469055049495","0","0","4643","UP",9,32,0.078817734,1978.278339,34.47960641,0.343158821,0.05663846,0,1,1,1,1,3,15.2180327868852,13,0.854249704,32.1451104100946,64.60567823,67.6356589147287
"183","NDRG1","2546.77322690353","1.30120850815673","0.0291531438879392","44.6335569555861","0","0","10397","UP",1,44,0.100456621,7043.265837,19.15805049,0.331844288,0.055663333,1,1,1,1,1,4,36.2655737704918,16.2,0.446704638,48.9589905362776,48.6435331230284,37.9198966408269
"184","NEDD9","997.436732239769","2.72502193045088","0.0426804408979992","63.8470895125787","0","0","4739","UP",2,18,0.116883117,2973.639381,102.9825868,0.305283757,0.010024134,0,1,0,0,1,1,14.1688524590164,12.8,0.903390027,58.4858044164038,88.4542586750789,70.2842377260982
"185","NFIA","316.825142540365","-1.24890530484234","0.0784560504480242","-15.9185339780737","4.71290605906245e-57","6.45126856657859e-56","4774","DOWN",15,28,0.074468085,2366.124424,29.70279061,0.299942319,0.008313065,0,0,0,0,1,0,18.2196721311475,16.4,0.900125967,28.2965299684543,60.6940063091483,70.1550387596899
"186","NFKBIA","1891.12823123436","2.94340444586832","0.0524104510109362","56.1606395116527","0","0","4792","UP",2,44,0.104761905,6069.448982,29.4408836,0.328628608,0.028138817,0,1,0,1,1,2,38.4409836065574,19.5,0.507271099,50.7255520504732,60.3154574132492,42.2480620155039
"187","NKX3-1","85.0311831358442","2.84173699172948","0.197333557203747","14.4006778775866","5.12384835108417e-47","5.9653526017383e-46","4824","UP",4,6,0.068181818,103.8847525,10.96466526,0.251978679,0.001114157,0,1,1,1,1,3,3.47213114754098,0.5,0.144003777,24.006309148265,37.981072555205,14.7286821705426
"188","NNMT","2012.74406281991","1.47212961161326","0.0350524751732557","41.9978790181544","0","0","4837","UP",2,4,0.153846154,48.74466161,91.4113789,0.284049527,0.004419959,0,1,1,1,1,3,7.28196721311475,1.6,0.219720846,75.8675078864353,86.5615142,20.6072351421189
"189","NOS3","1503.54199741475","-2.27826964066077","0.0438794758198056","-51.9210769521644","0","0","4846","DOWN",9,12,0.12,1952.94628,128.0369774,0.299137105,0.011759877,0,1,0,1,1,2,7.896721311,5.2,0.658501142,60.5993690851735,90.6624605678233,53.6175710594315
"190","NOSTRIN","9.22042905119196","-1.23377459975264","0.414707284643308","-2.97504925869294","0.00292941504053557","0.00711812865955509","115677","DOWN",9,2,0.090909091,0,0,0.230292294,0.000469732,0,1,1,1,1,3,9.25245901639344,2.8,0.302622254,41.2302839116719,10.1892744479495,26.2919896640827
"191","NPC1","2465.2995457217","1.41833547551442","0.0280767926386275","50.5162927179618","0","0","4864","UP",22,58,0.080555556,7142.651777,19.20236391,0.344522968,0.052175225,0,0,1,1,1,2,16.6098360655738,12,0.722463482,33.8170347003155,48.7697160883281,58.5917312661499
"192","NR3C1","662.693738678197","1.7041948606551","0.0464053804533051","36.7240790616926","3.01514180539682e-295","2.47063650922081e-293","2908","UP",9,156,0.051896208,59888.65464,1.096453654,0.373831776,0.062796439,0,0,0,1,1,1,17.6,14.2,0.806818182,14.2586750788644,22.2712933753943,64.3410852713178
"193","NR4A1","146.507361500575","2.36002445111781","0.11640040231951","20.2750540727491","2.13557088985668e-91","4.47578485166321e-90","3164","UP",2,32,0.078817734,4303.240796,15.92922041,0.333048676,0.023783556,0,1,0,1,1,2,33.7819672131148,43.7,1.293589557,32.1451104100946,43.9116719242902,83.5271317829457
"194","NRGN","1009.87735878946","-1.52266738769908","0.0463569441474678","-32.8465867563502","1.27428756976916e-236","7.77051998940113e-235","4900","DOWN",2,2,0.066666667,0,0,0.19880209,4.17e-05,0,1,1,1,1,3,13.4098360655738,0,0,22.9968454258675,10.1892744479495,2.39018087855297
"195","NTN4","7633.19084452326","-2.40193753066168","0.0470127668379329","-51.0911757000366","0","0","59277","DOWN",15,4,0.1,0,0,0.26113157,0.001544037,0,0,0,0,1,0,9.6344262295082,8.4,0.871873405,47.8864353312303,10.1892744479495,68.8630490956072
"196","NUDT4","5702.47217231033","-1.32756860894547","0.0304497506873199","-43.5986692494763","0","0","11163","DOWN",2,2,0.071428571,0,0,0.260434057,0.002467637,0,1,1,1,1,3,19.1229508196721,25.1,1.312558937,26.4668769716088,10.1892744479495,83.9147286821705
"197","OCIAD2","1155.79149281941","2.33969523900753","0.043739950412577","53.4910354707391","0","0","132299","UP",9,12,0.083333333,970.1668975,24.51910704,0.315151515,0.01571752,0,0,1,1,1,2,15.3098360655738,6.6,0.431095406,35.8044164037855,54.384858044164,36.6279069767442
"198","OCLN","131.087037419184","-1.31425398921625","0.123130722004973","-10.6736480369471","1.35211379668232e-26","1.02074643275451e-25","100506658","DOWN",1,134,0.135080645,21700.37769,58.84431178,0.380302292,0.195184344,0,0,0,0,1,0,8.070491803,7.7,0.954093033,68.5804416403786,78.5488958990536,72.2222222222222
"199","OPTN","5309.65250500908","1.07944879113593","0.0290421153160713","37.1683942229437","2.21214103769605e-302","1.88463235915484e-300","10133","UP",2,56,0.064965197,8884.461415,11.47442674,0.343915344,0.039905661,0,1,1,1,1,3,15.9868852459016,5.8,0.362797375,21.8927444794953,38.3596214511041,30.9431524547804
"200","PALLD","1337.75085695581","2.03135210389211","0.0400879458159698","50.6723919758164","0","0","23022","UP",4,28,0.115702479,2365.439481,73.02451215,0.336279371,0.030848805,1,1,1,1,1,4,25.9901639344262,9.2,0.353980068,58.01261829653,82.4605678233439,29.9741602067183
"201","PALMD","2630.26897864481","-1.0040327367296","0.0625378499211838","-16.0548010204217","5.29083196020273e-58","7.36193062669954e-57","54873","DOWN",22,2,0.0625,0,0,0.247619048,0.001306084,0,1,1,1,1,3,12.0606557377049,7.9,0.655022428,19.8422712933754,10.1892744479495,53.2299741602067
"202","PARP14","3604.4124310913","1.99412329518528","0.0797654440707579","24.9998394469709","6.13802003515598e-138","1.93134846412861e-136","54625","UP",2,10,0.131578947,166.2266195,20.71373854,0.305044975,0.012284598,0,1,0,1,1,2,10.6426229508197,7.5,0.704713494,66.813880126183,50.7255520504732,57.1705426356589
"203","PCDH12","1934.95977699642","-1.86531833969598","0.0836334089610625","-22.3035072092353","3.41646967067881e-110","8.56804120705092e-109","51294","DOWN",1,16,0.4,1000.476642,914.1817136,0.278870218,0.007511388,0,1,1,1,1,3,2.1,NA,NA,98.5173501577287,99.3059936908517,NA
"204","PDE4B","2320.36176822969","1.2169682118738","0.0379521166978231","32.0658850615204","1.31863787004587e-225","7.60844378856049e-224","5142","UP",9,16,0.123076923,1302.732365,267.5926086,0.298621746,0.013017286,0,1,0,1,1,2,13.9934426229508,6.6,0.471649485,62.1766561514196,96.1514195583596,39.6640826873385
"205","PDGFA","924.79433312011","2.69603360000189","0.0560771846153954","48.0771925069456","0","0","5154","UP",6,10,0.185185185,469.2436756,64.69222661,0.271493213,0.003539057,0,0,0,0,1,0,13.63442623,7.4,0.542743778,85.4258675078864,80.1892744479495,45.3488372093023
"206","PDGFB","5194.67020570658","1.91712593927232","0.0292282895038069","65.5914517003337","0","0","5155","UP",6,18,0.105882353,1948.792862,128.9295521,0.286343612,0.007308702,0,0,0,0,1,0,8.44918032786885,12.1,1.432091579,51.5457413249211,90.72555205,85.9819121447028
"207","PDLIM4","1376.7773598775","1.39255744776835","0.0453197728055654","30.727370451366","2.45337671419677e-207","1.26967625171776e-205","8572","UP",2,2,0.047619048,0,0,0.281283808,0.004043577,0,1,1,1,1,3,11.8098360655738,9.6,0.812881732,12.1135646687697,10.1892744479495,64.9870801033592
"208","PDLIM5","4489.46413361752","1.3320929025664","0.0308056733900781","43.2418043812489","0","0","10611","UP",2,38,0.097435897,3987.587062,36.3270486,0.347206766,0.041579055,0,1,1,1,1,3,14.83278689,12.6,0.849469496,45.8675078864353,66.2460567823344,67.0542635658915
"209","PER1","609.819664855476","1.65027046142723","0.0449799983595691","36.6889844733876","1.09441181274492e-294","8.87526610617434e-293","5187","UP",9,10,0.058823529,85.16076324,2.082268569,0.26249369,0.002081753,0,1,0,0,1,1,21.5426229508197,36.6,1.698957461,17.4763406940063,23.9747634069401,89.6640826873385
"210","PIK3IP1","525.700974533777","1.81431980868278","0.0581586346931865","31.1960522844827","1.20523902850469e-213","6.52349445726657e-212","113791","UP",22,4,0.1,3.562846655,1.970117615,0.259826782,0.004818079,0,0,1,1,1,2,19.8311475409836,13.3,0.670662148,47.8864353312303,23.9116719242902,54.7803617571059
"211","PIK3R3","362.996144782055","-1.22646545723747","0.0671938907028638","-18.2526334523623","1.97171320348752e-74","3.38649635291863e-73","8503","DOWN",4,54,0.137755102,9402.282603,49.33528822,0.327249843,0.022035769,0,0,1,1,1,2,9.686885246,13.6,1.403960061,69.40063091,73.88012618,85.594315245478
"212","PLA2G4C","1453.48479950443","3.65982888208754","0.0491202026289895","74.5076096230841","0","0","8605","UP",10,2,0.083333333,0,0,0.233218717,0.000381509,0,0,0,0,1,0,8.15081967213115,5.4,0.662510056,35.8044164037855,10.1892744479495,54.0697674418605
"213","PLAT","3705.18780896877","1.71871040823104","0.043703490804115","39.3266161720246","0","0","5327","UP",4,26,0.240740741,4141.511785,214.5356818,0.312562613,0.015502366,0,0,1,1,1,2,14.0131147540984,39.4,2.811651848,92.3659305993691,95.4574132492114,96.1240310077519
"214","PLSCR1","1457.15778647145","1.74168615881429","0.109798626073714","15.8625496610949","1.15123641712293e-56","1.56497858339194e-55","5359","UP",15,40,0.114942529,8166.509975,42.48826672,0.324526732,0.018663621,0,0,0,1,1,1,23.5639344262295,12.6,0.534715458,57.2555205047319,69.7791798107256,44.8320413436692
"215","PMEPA1","649.842263710766","1.94418326386515","0.0540553206928034","35.9665475839825","2.7903208352408e-283","2.13794744775479e-281","56937","UP",11,2,0.019230769,0,0,0.219594595,0.0001484,0,0,1,1,1,2,10.4,21.3,2.048076923,0.441640378548896,10.1892744479495,92.8940568475452
"216","PNP","3780.88460958038","1.43600040954161","0.0271513214981991","52.8887851604889","0","0","4860","UP",2,14,0.084337349,441.8842321,18.45488394,0.308239478,0.013916714,0,1,1,1,1,3,18.0672131147541,3.8,0.210325742,36.8769716088328,47.6340694006309,19.250645994832
"217","PPP1R14A","5.07604820797489","-2.81983894083933","0.763078641999671","-3.69534512648638","0.00021958830077821","0.000612175346729472","94274","DOWN",9,4,0.090909091,12.57776261,0.207024176,0.252836305,0.001217073,0,1,0,1,1,2,23.1065573770492,4.4,0.190422136,41.2302839116719,20.7570977917981,18.0232558139535
"218","PPP1R16B","2613.90802343351","-1.81734433400239","0.0655530610975447","-27.7232566042664","3.66212083816348e-169","1.47730580615077e-167","26051","DOWN",15,12,0.090909091,1958.790468,97.90938647,0.284153005,0.009042352,0,0,0,1,1,1,9.42131147540984,1.6,0.169827736,41.2302839116719,87.6971608832808,16.5374677
"219","PRCP","8464.454137072","1.43243163796705","0.0279949794050723","51.1674474640805","0","0","5547","UP",9,6,0.065217391,76.38471704,13.34628456,0.279670133,0.003886227,0,1,1,1,1,3,29.3426229508197,25.1,0.855410917,22.1135646687697,40.8201892744479,67.8940568475452
"220","PRKAR2B","2107.88066882563","-1.68553671045202","0.044340007497431","-38.0139022427924","0","0","5577","DOWN",9,16,0.0625,938.7002197,10.3572023,0.279069767,0.004410933,0,1,0,1,1,2,9.18196721311475,2.6,0.283163721,19.8422712933754,37.0347003154574,24.7416020671835
"221","PRKCH","2217.92562916823","-1.08174909009933","0.0282083791464417","-38.3485022121801","0","0","5583","DOWN",9,6,0.111111111,698.0918581,447.7866701,0.304747021,0.015211508,0,1,1,1,1,3,12.4901639344262,9.1,0.728573304,54.7634069400631,98.2334384858044,59.1731266149871
"222","PRRG4","30.096172364192","3.50193370143497","0.247135641191689","14.1700876674389","1.40325225731195e-45","1.58979116756143e-44","79056","UP",0,6,0.078947368,189.3251909,15.23294986,0.282762371,0.007278766,1,0,0,0,1,1,6.35573770491803,2.2,0.346143926,32.3343848580442,42.9022082018927,29.6511627906977
"223","PSMB8","1144.49273776203","1.1838658848902","0.0587428714064055","20.1533540418848","2.51484103739169e-90","5.22427232758861e-89","5696","UP",9,16,0.076190476,277.6197024,14.9910295,0.282659902,0.007156059,0,1,0,1,1,2,17.7327868852459,9.2,0.51881298,29.3375394321767,42.5867507886435,43.3462532299742
"224","PSMB9","567.487101321841","3.74130014249311","0.143207824134924","26.1249702318515","1.89759325481878e-150","6.73403055946895e-149","5698","UP",9,14,0.077777778,670.9315795,43.16767088,0.275132275,0.004634835,0,1,1,1,1,3,14.3098360655738,7.7,0.538091419,31.2302839116719,70.15772871,45.0904392764858
"225","PSME1","2208.80397703142","1.49334069229244","0.0389779648275822","38.3124336762627","0","0","5720","UP",9,18,0.034883721,721.2456081,5.455023615,0.309278351,0.013525149,0,1,0,1,1,2,48.5688524590164,28.4,0.584736895,5.36277602523659,29.7160883280757,48.2558139534884
"226","PSME2","1990.72663560809","1.85387568483445","0.0471067347287041","39.3547906793209","0","0","5721","UP",9,10,0.03875969,197.5795957,3.04941365,0.282250769,0.006850897,0,1,1,1,1,3,30.30327869,14.3,0.471896132,6.84542586750789,25.993690851735,39.7286821705426
"227","PTGIS","28.1271692443252","1.12160342882942","0.225692726504229","4.96960378919611","6.70898515641362e-07","2.29956921868126e-06","5740","UP",1,4,0.333333333,0,0,0.284567676,0.010279119,0,1,1,1,1,3,10.4,3.2,0.307692308,97.192429022082,10.1892744479495,26.6795865633075
"228","PTGS2","1376.37040473137","6.58446953286207","0.125947815281419","52.2793469513519","0","0","5743","UP",1,10,0.119047619,248.9938555,1.244562574,0.304034301,0.017390073,0,1,1,1,1,3,15.5262295081967,3.9,0.251187837,60,22.5236593059937,22.8682170542636
"229","RAMP2","180.107923033016","-1.97104600310892","0.125509325514345","-15.7043788979938","1.41153321008127e-55","1.88836577237573e-54","10266","DOWN",22,14,0.093333333,228.6502134,10.67107284,0.273204904,0.00352664,0,0,1,1,1,2,15.0426229508197,71.1,4.726569311,43.0283911671924,37.602523659306,98.1912144702842
"230","RASA4","14.2125784023528","1.74219213831079","0.308064525854077","5.65528320237699","1.55589509795437e-08","5.93079767672835e-08","10156","UP",4,2,0.2,0,0,0.275083759,0.005487096,0,1,1,1,1,3,4.55490196078431,NA,NA,88.2649842271293,10.1892744479495,NA
"231","RASGRF2","89.625120584774","1.36113562314165","0.113548769424304","11.9872335917215","4.14518649462472e-33","3.66101257809314e-32","5924","UP",9,2,0.043478261,0,0,0.210441117,0.000128744,0,1,1,1,1,3,5.23934426229508,17.1,3.263767209,9.68454258675079,10.1892744479495,96.7700258397933
"232","RFK","1646.12956783548","-1.07229494590109","0.0359173018809491","-29.8545516992146","7.6622229615126e-196","3.67521950546211e-194","55312","DOWN",2,4,0.066666667,34.07860915,16.54500159,0.248091603,0.001002007,0,1,1,1,1,3,14.0377049180328,13.3,0.947448324,22.9968454258675,44.8580441640378,71.96382429
"233","RGCC","1792.5813165281","1.17974007544537","0.0979752411678445","12.0412061392563","2.15777484388588e-33","1.92155956757973e-32","28984","UP",2,2,0.090909091,0,0,0.267352185,0.002087314,0,1,1,1,1,3,18.9196721311475,16.1,0.850966121,41.2302839116719,10.1892744479495,67.1834625322997
"234","RGS16","6.30700315331498","4.2624154164695","0.58515659044046","7.28423038568375","3.23511757913323e-13","1.57348598000753e-12","6004","UP",9,4,0.133333333,19.54579578,17.84517105,0.261964736,0.001873408,0,1,1,1,1,3,9.009836066,9.1,1.010007278,67.6656151419558,46.9400630914826,74.2894056847545
"235","RHOB","15589.5521083158","1.35574793058251","0.0233778187001813","57.9929183286886","0","0","388","UP",1,210,0.125899281,54710.97954,56.723715,0.388639761,0.22398989,0,0,0,0,1,0,45.9459016393443,32.2,0.700824205,64.2902208201893,77.2870662460568,56.9767441860465
"236","RND1","349.942760680543","6.22339676624303","0.186735295675973","33.3273725447277","1.54995905621879e-243","9.96661683043792e-242","27289","UP",1,56,0.116182573,4175.233985,26.65395061,0.332764505,0.098080761,0,0,1,0,1,1,4.51147540983607,1,0.221656977,58.1703470031546,56.782334384858,20.9302325581395
"237","RNF213","5081.89394218006","1.4672177087889","0.0959037684580274","15.2988535526738","7.78152916097176e-53","9.99653275284554e-52","57674","UP",22,30,0.098039216,2934.063861,33.59383701,0.338248049,0.036992822,1,1,1,1,1,4,12.86721311,12.3,0.955917951,46.2776025236593,63.7854889589905,72.4806201550387
"238","RPH3AL","83.9889823584851","-1.11652989788022","0.141862885897446","-7.87048628552058","3.53265393598711e-15","1.84808468710618e-14","9501","DOWN",2,2,0.045454545,0,0,0.23798627,0.000381454,0,1,1,1,1,3,5.21803278688525,3.7,0.709079485,10.7570977917981,10.1892744479495,57.7519379844961
"239","RRAD","68.6844790680149","5.96514423013706","0.327057403886819","18.2388295120246","2.53835917698435e-74","4.3533966727946e-73","6236","UP",10,2,0.052631579,0,0,0.234445446,0.00063551,0,1,1,1,1,3,8.05081967213115,3.9,0.484422724,14.47949527,10.1892744479495,40.4392764857881
"240","RSPO3","8.59414717894398","2.86503758014779","0.466175880882455","6.14582971286367","7.95465889802749e-10","3.24161622059317e-09","84870","UP",11,2,0.166666667,0,0,0.230088496,0.000323177,0,0,1,1,1,2,8.85409836065574,8.6,0.971301611,80.410094637224,10.1892744479495,73.32041344
"241","RUNX1T1","412.315501315485","-3.01857526336536","0.0828577769529457","-36.4308019641848","1.38548888672158e-290","1.09351679724892e-288","862","DOWN",2,30,0.129310345,3827.423292,27.56383263,0.304330862,0.007435262,0,1,0,1,1,2,5.66065573770492,5.3,0.936287286,65.4258675078864,57.8548895899054,71.5762273901809
"242","S100A10","6023.49840162485","-1.79300682799949","0.0311525118372887","-57.5557706988274","0","0","6281","DOWN",10,28,0.115702479,7105.896183,27.81994991,0.304093567,0.009548048,0,0,0,0,1,0,22.0491803278689,9.5,0.430855019,58.01261829653,58.3596214511041,36.5633074935401
"243","SAT1","5450.76478455226","1.99061172965473","0.0355604466383717","55.9782544324612","0","0","6303","UP",15,12,0.060606061,529.3342265,6.839705685,0.261701057,0.001392678,0,0,0,1,1,1,63.8770491803279,39.3,0.61524445,18.3280757097792,32.1135646687697,50.4521963824289
"244","SEMA3A","36.0479502850622","-1.23752674308284","0.224891050635171","-5.50278341262416","3.73841577093185e-08","1.39372628401612e-07","10371","DOWN",4,2,0.111111111,0,0,0.245398773,0.000823791,0,0,1,0,1,1,4.68688524590164,8.2,1.749562784,54.7634069400631,10.1892744479495,90.5038759689922
"245","SEMA3D","564.512265910502","3.44222311749473","0.0629575349479379","54.6753159942053","0","0","223117","UP",4,4,0.4,0,0,0.272061388,0.00366332,0,0,1,1,1,2,3.71803278688524,2.6,0.699294533,98.5173501577287,10.1892744479495,56.8475452196382
"246","SEMA4A","38.652286237783","1.35050979983761","0.198647020579074","6.7985404256291","1.05684359585805e-11","4.75509094731252e-11","64218","UP",4,2,0.1,0,0,0.219162686,0.000179271,0,1,1,1,1,3,11.0786885245902,24.6,2.220479432,47.8864353312303,10.1892744479495,93.9276485788114
"247","SEMA6B","10333.2269168674","-1.04645009162654","0.0308037254084776","-33.9715433036078","5.86482190093983e-253","3.95439805829369e-251","10501","DOWN",4,14,0.170731707,231.4476567,39.09310164,0.28032345,0.009648598,0,0,1,0,1,1,7.8327868852459,2.7,0.344704897,82.4290220820189,68.01261829653,29.4573643410853
"248","SERPINE1","132950.208966544","2.61200064769956","0.0267637399148004","97.5947552925936","0","0","5054","UP",4,10,0.108695652,221.3279183,16.73645112,0.262758969,0.002057939,0,0,1,1,1,2,14.8803278688525,2.3,0.154566487,52.8391167192429,45.0473186119874,15.2454780361757
"249","SERPINE2","366.900672780922","2.56623553060917","0.0704515010151048","36.4255621758714","1.67711096554988e-290","1.31927138920039e-288","5270","UP",4,20,0.208333333,1187.184401,41.48238616,0.323987539,0.018770098,0,0,1,0,1,1,15.1950819672131,4.9,0.322472759,89.71608833,69.3375394321767,27.8423772609819
"250","SERTAD1","353.230534947042","1.3361957847383","0.0739950389939631","18.0579104073087","6.83617910676205e-73","1.14823480954077e-71","29950","UP",2,4,0.026666667,0,0,0.271445972,0.002572547,0,1,1,1,1,3,11.1819672131148,5.8,0.518692274,2.20820189274448,10.1892744479495,43.28165374677
"251","SGK1","1410.89022198137","2.60636220288469","0.073069087231671","35.6698338740845","1.16096370263361e-278","8.75322121995223e-277","6446","UP",11,6,0.042857143,127.0259558,0.828662955,0.254527655,0.002380847,0,1,0,1,1,2,27.5245901639344,45.8,1.663966647,9.17981072555205,21.7034700315457,89.2118863049096
"252","SHE","1906.5908332228","-1.83726051002179","0.0373682868469927","-49.1663029012968","0","0","126669","DOWN",9,2,0.142857143,0,0,0.217968423,0.000146349,0,1,1,1,1,3,7.196721311,5,0.69476082,71.5772870662461,10.1892744479495,56.5245478036176
"253","SKIL","1440.9096450393","1.40291397062239","0.0467688701438432","29.9967471163525","1.08204845097395e-197","5.27588045341618e-196","6498","UP",4,28,0.130841121,2784.416153,50.75731284,0.313253012,0.013849517,0,1,1,1,1,3,14.2918032786885,14.8,1.035558614,66.4668769716088,74.7634069400631,75.5167958656331
"254","SLC35G2","251.099829969989","1.04380947953048","0.0794906607495472","13.1312215760695","2.18109446348708e-39","2.19028290399283e-38","80723","UP",4,2,0.041666667,0,0,0.261964736,0.00197933,0,1,1,1,1,3,7.29836065573771,3.2,0.438454627,8.67507886435331,10.1892744479495,37.40310078
"255","SLFN5","1728.05301205624","1.39571697716052","0.0377255699753981","36.9965776016296","1.29981202656173e-299","1.0916108190331e-297","162394","UP",22,6,0.081081081,69.5490856,3.980363122,0.297142857,0.010075578,0,1,1,1,1,3,10.8852459016393,7.9,0.725753012,34.2586750788644,27.31861199,59.0439276485788
"256","SLITRK4","770.886811235107","1.12833018982283","0.0534955257043103","21.0920478856407","9.40987270232973e-99","2.15386601263122e-97","139065","UP",1,10,0.217391304,15.14645403,81.60771273,0.290016732,0.030954488,0,0,1,1,1,2,3.7655737704918,0,0,90.5993690851735,84.47949527,2.39018087855297
"257","SMAD3","4386.64658710129","1.03790014644787","0.0265958442588459","39.0248993920417","0","0","4088","UP",2,100,0.119617225,28585.88248,17.71638507,0.364826941,0.052233791,0,1,0,1,1,2,13.9409836065574,30.8,2.209313264,60.2523659305994,46.6876971608833,93.733850129199
"258","SMAD6","156.698020942032","1.24874588862276","0.105351589557378","11.8531281195587","2.07305116234639e-32","1.81058232347197e-31","4091","UP",2,16,0.156862745,456.2645284,23.6268689,0.292025459,0.009608141,0,1,0,1,1,2,4.78524590163935,18.5,3.866050017,76.8454258675079,53.4384858,97.4160206718346
"259","SMAD7","53.544260377567","2.20207428828938","0.176218976536408","12.4962380985933","7.82682245233647e-36","7.3324804705315e-35","4092","UP",2,26,0.117117117,2235.572005,27.87331988,0.318562385,0.016268385,0,1,0,1,1,2,6.56065573770492,7.1,1.082208896,58.7697160883281,58.5488958990536,77.390180878553
"260","SNRK","3263.3794300029","-1.06974377925196","0.0345255166918263","-30.9841497464167","8.81434749320757e-211","4.6638965581212e-209","54861","DOWN",15,6,0.1,141.0552271,25.63210675,0.290990487,0.00709764,0,1,1,1,1,3,15.9770491803279,14.7,0.920069772,47.8864353312303,55.6466876971609,71.05943152
"261","SOCS1","38.1185634713632","1.21019714300697","0.208077250553235","5.81609541547333","6.02380906963733e-09","2.35084951603062e-08","8651","UP",4,34,0.101796407,7661.722739,17.67434247,0.298165138,0.007555166,0,1,1,1,1,3,8.14098360655738,3.2,0.393072896,49.3375394321767,46.6246056782334,34.1731266149871
"262","SOX17","1200.58772049937","1.00615032668053","0.0389325005589286","25.8434550115168","2.88228900368499e-147","9.92980119678278e-146","64321","UP",15,6,0.0375,28.62370813,8.540522033,0.24750119,0.000997532,0,0,0,0,1,0,6.08524590163934,3.6,0.591594828,6.43533123028391,34.384858044164,48.6434108527132
"263","SOX18","5825.40111945178","-3.63716822082024","0.118347292658179","-30.7330073981956","2.06278670535683e-207","1.06988359252123e-205","54345","DOWN",15,2,0.166666667,0,0,0.178899083,5.63e-06,0,1,1,1,1,3,9.29672131147541,13.1,1.409098924,80.410094637224,10.1892744479495,85.6589147286822
"264","SPECC1","512.352789893616","1.37202253135152","0.0471794128550595","29.080958162123","6.25080062276511e-186","2.78325743201196e-184","92521","UP",1,38,0.122580645,3220.03041,58.61808726,0.341955283,0.075565908,0,1,1,1,1,3,13.2655737704918,3,0.226149283,61.9242902208202,78.35962145,21.2532299741602
"265","ST6GALNAC3","474.20439681577","-1.61827255755584","0.0700322942132348","-23.1075188345038","3.89040825515977e-118","1.03739824196063e-116","256435","DOWN",22,10,0.172413793,204.8115995,106.7204133,0.291153415,0.009310702,0,0,1,0,1,1,6.48852459016393,2.8,0.431531076,82.7444794952681,88.8958990536278,36.7571059431525
"266","STAT1","4530.64571623343","1.66494082048634","0.111675315321862","14.9087631021035","2.89057665901875e-50","3.55284992584289e-49","6772","UP",2,78,0.128712871,19981.82805,28.19990333,0.372759857,0.070766348,0,1,1,1,1,3,25.9950819672131,17.9,0.688591789,65.0473186119874,58.9905362776025,55.9431524547804
"267","SULF1","20.5196172070964","1.19008626437029","0.240917842066826","4.93980127897787","7.82022276256595e-07","2.66612882077137e-06","23213","UP",4,12,0.1875,1737.839035,209.0760507,0.286712001,0.0094683,0,0,1,0,1,1,8.709836066,47.4,5.442123094,85.8675078864353,95.205047318612,98.3850129198966
"268","SYNM","383.19362104689","1.17376067168186","0.0676188652190054","17.358479292432","1.70171306160093e-67","2.68980083996788e-66","23336","UP",9,10,0.087719298,433.061048,79.71786073,0.282967531,0.005656303,0,1,1,1,1,3,13.6147540983607,10.9,0.800602047,39.211356466877,84.1009463722397,63.8888888888889
"269","SYT11","1508.05477244384","1.0555335419929","0.0352716180387739","29.9258610941113","9.07074414879784e-197","4.38648547474345e-195","23208","UP",9,12,0.222222222,337.4727293,51.20408187,0.306002354,0.014146499,0,1,1,1,1,3,14.4590163934426,4.4,0.30430839,91.0094637223975,75.0157728706625,26.4857881136951
"270","TACSTD2","1672.26393833978","-2.3297856541199","0.0552456200505327","-42.1714092807514","0","0","4070","DOWN",22,10,0.0390625,357.8992433,10.63056117,0.304628002,0.011410362,0,1,1,1,1,3,8.06470588235294,NA,NA,7.12933753943218,37.4763406940063,NA
"271","TAGLN","171.942770016424","2.10673307488058","0.0959179098245531","21.963917674333","6.37580602598897e-107","1.57059129861496e-105","6876","UP",4,14,0.102941176,424.8160932,35.36497877,0.289962825,0.006753987,0,1,1,1,1,3,80.5360655737705,39.1,0.485496774,49.7791798107256,65.2996845425868,40.5684754521964
"272","TAGLN2","9757.99299984275","1.34670319018785","0.0218249664535169","61.7047083694757","0","0","8407","UP",2,26,0.061904762,5320.952726,36.89245361,0.333048676,0.027225177,0,1,1,1,1,3,56.6065573770492,24.7,0.436345207,19.0220820189274,66.7507886435331,37.2739018087855
"273","TBX3","55.1323453744314","1.04563105035846","0.15137655745102","6.90748335122355","4.93326831288425e-12","2.25883195412797e-11","6926","UP",6,10,0.074626866,1462.628158,84.88051642,0.285191956,0.004820937,1,1,1,1,1,4,11.4344262295082,2.6,0.227383513,28.4858044164038,85.2996845425867,21.3824289405685
"274","TFPI2","7358.06547917549","4.04291951450821","0.0783496599494154","51.6009835539609","0","0","7980","UP",9,6,0.076923077,66.42762869,3.507325179,0.282250769,0.004809301,0,1,1,1,1,3,18.983606557377,58.2,3.065803109,30.1577287066246,26.5615141955836,96.3824289405685
"275","TGFB2","85.5529358031596","3.61197302985616","0.154530435586305","23.3738617001366","7.88418665894605e-121","2.15595505173196e-119","7042","UP",4,8,0.25,1018.184834,366.4234055,0.279169649,0.004733932,0,0,1,0,1,1,6.54918032786885,11.6,1.771214018,93.5015772870663,97.6656151419558,90.6330749354005
"276","THBD","287.199942534996","-2.22538825791153","0.0923386779112752","-24.1002828744183","2.48269661576396e-128","7.2962836158672e-127","7056","DOWN",23,6,0.081081081,51.86060253,2.795360436,0.24512885,0.000892188,0,1,1,1,1,3,11.9147540983607,8.8,0.738580077,34.2586750788644,25.4889589905363,60.077519379845
"277","THSD7A","421.085306671006","-2.85808388133164","0.0838840985025673","-34.0718197173469","1.92907890774086e-254","1.31194043642007e-252","221981","DOWN",22,10,0.192307692,510.2519862,58.60112188,0.272203804,0.005280253,0,0,0,1,1,1,3.896721311,4.4,1.129154396,86.5930599369085,78.2965299684543,79.0051679586563
"278","TIMP3","18.2114735750118","-1.46770953177834","0.303386791572492","-4.83775026648661","1.31316987444678e-06","4.40066683713002e-06","7078","DOWN",9,24,0.141176471,3344.253971,44.63603779,0.326975477,0.021071082,0,0,1,1,1,2,34.0950819672131,247.1,7.247379556,70.410094637224,70.9148264984227,99.0956072351421
"279","TMEM132A","5410.58840701038","1.45746004478787","0.0280347977190431","51.9875356117825","0","0","54972","UP",4,22,0.089430894,2294.265476,22.63553155,0.315278901,0.024544705,0,0,1,0,1,1,8.019672131,19.3,2.406582175,40,52.5552050473186,94.8320413436692
"280","TMEM140","650.036722750125","1.23521108905073","0.0521541595543619","23.6838461132373","5.29047857414333e-124","1.49879956628101e-122","55281","UP",22,14,0.120689655,1926.253307,66.54703004,0.255821581,0.002098444,0,0,0,0,1,0,13.9819672131148,9.9,0.708054872,61.0094637223975,80.6309148264984,57.5581395348837
"281","TMEM44","1521.60367441069","-1.29975838831056","0.0438438620887742","-29.6451618627674","3.91528088537141e-193","1.82242337211886e-191","93109","DOWN",6,6,0.214285714,57.60459436,34.60943438,0.263157895,0.002155819,0,0,0,1,1,1,6.309836066,3.3,0.522992985,90.2208201892744,64.8580441640378,43.5400516795866
"282","TNFAIP2","1839.53878029837","2.37565799643787","0.0465352073441791","51.0507663341277","0","0","7127","UP",22,14,0.162790698,717.6824656,79.62374631,0.281486828,0.004781136,0,0,1,1,1,2,14.8426229508197,16.3,1.098188646,78.35962145,84.0378548895899,78.03617571
"283","TNFAIP3","847.438321182173","4.6922342117676","0.119134410461213","39.3860530605912","0","0","7128","UP",2,62,0.158163265,9940.78353,9.539546824,0.346820809,0.048035157,0,1,0,0,1,1,13.8983606557377,7.2,0.518046709,77.2870662460568,35.8990536277603,43.0878552971576
"284","TNFRSF12A","1272.57352172499","1.21026189950976","0.04502614587176","26.8790916050583","3.85637492090402e-159","1.46077996401948e-157","51330","UP",2,6,0.333333333,633.4796854,1307.593914,0.273684211,0.003361221,0,1,1,1,1,3,13.416393442623,2.8,0.208699902,97.192429022082,99.68454259,19.1860465116279
"285","TRIB2","239.420800568926","-2.83037812364484","0.103449991093988","-27.3598682195473","8.24119829981283e-165","3.23063187171566e-163","28951","DOWN",23,10,0.108695652,1622.697169,119.3018393,0.290719344,0.008836609,0,1,1,1,1,3,15.7967213114754,35.7,2.25996264,52.8391167192429,89.9684542586751,94.1860465116279
"286","TRIM69","636.111769899757","1.57021927678419","0.0787234291288714","19.9460223488705","1.6229822805063e-88","3.2989456363194e-87","140691","UP",2,16,0.103896104,1443.600656,24.32454607,0.312625251,0.012523531,0,1,1,1,1,3,5.85245901639344,3.7,0.632212885,50.15772871,54.1324921135647,51.5503875968992
"287","TSPAN12","602.638452409707","-1.02137729419142","0.0523672797463396","-19.5041120932544","1.0130090728029e-84","1.96433862851895e-83","23554","DOWN",22,10,0.238095238,226.3459616,173.1785357,0.245051838,0.001059932,0,0,0,0,1,0,8.32622950819672,2.9,0.348296909,92.0820189274448,93.88012618,29.8449612403101
"288","TSPAN18","2877.12230236266","-2.8330248185406","0.073990119886992","-38.2892313577487","0","0","90139","DOWN",22,12,0.230769231,277.9081467,174.9681298,0.269244046,0.004584326,0,0,0,1,1,1,8.786885246,16.7,1.900559701,91.608832807571,94.006309148265,91.4728682170543
"289","TSPAN7","44.3229435579916","-1.56007612555844","0.220002674760242","-7.09116890173546","1.32983919106056e-12","6.26780009383625e-12","7102","DOWN",22,8,0.153846154,161.4376336,22.74771052,0.244782677,0.000720183,0,0,0,1,1,1,15.2196721311475,8.1,0.532205946,75.8675078864353,52.68138801,44.4444444444444
"290","TUBA4A","124.941075894278","-1.10799598694929","0.12254787547793","-9.04133166428362","1.54774660380022e-19","9.49695062482616e-19","7277","DOWN",9,76,0.079831933,16695.30543,20.78631205,0.345438441,0.042738315,0,0,1,0,1,1,19.055737704918,5.7,0.299122505,32.8706624605678,50.788643533123,25.9043927648579
"291","TXNRD2","1794.26254334191","-1.09618101411663","0.0369767256199143","-29.6451618075741","3.91528729888666e-193","1.82242337211886e-191","10587","DOWN",22,4,0.036363636,20.78445566,2.701518401,0.240406842,0.001014051,0,1,1,1,1,3,10.727868852459,10,0.932151589,5.93059936908517,25.2996845425868,71.4470284237726
"292","TYMP","419.891564286551","3.83462616467611","0.18187601544089","21.0837374866637","1.12166643237457e-98","2.56494245519453e-97","1890","UP",11,8,0.045454545,91.95932148,3.003496066,0.253246753,0.001100876,0,0,0,1,1,1,12.4606557377049,5.4,0.433364031,10.7570977917981,25.8675078864353,36.8217054263566
"293","UNC5B","241.878510902364","1.40437760399528","0.0766842242403911","18.3137746766898","6.42570283632897e-75","1.11010366935964e-73","219699","UP",1,30,0.1875,891.1916832,89.05919749,0.325135473,0.068700376,0,0,1,0,1,1,9.05901639344263,7.1,0.783749548,85.8675078864353,86.11987382,63.1782945736434
"294","VCAM1","915.017236801151","7.23546496420803","0.129961048938169","55.6741040744479","0","0","7412","UP",4,24,0.025806452,2184.812708,10.12104732,0.315789474,0.016809171,0,1,1,1,1,3,8.52950819672131,15.3,1.793772823,2.08201892744479,36.7192429022082,90.7622739018088
"295","VEGFA","523.847778020675","2.55769060428043","0.062717690822493","40.7810072523133","0","0","7422","UP",0,16,0.150943396,1975.493975,13.77718054,0.276890309,0.003586883,1,1,0,1,1,3,19.727868852459,24.4,1.236828985,74.7634069400631,41.3249211356467,81.6537467700258
"296","VMP1","2523.32076975913","1.13706314695178","0.0296397801989126","38.362738836825","0","0","81671","UP",1,40,0.101010101,2869.42331,29.60814554,0.330718677,0.04311835,0,1,1,1,1,3,24.1737704918033,20,0.827343008,49.0220820189274,60.5047318611987,65.5684754521964
"297","VWA1","51.7878215776707","2.37485500623094","0.206969391627051","11.4744261823522","1.77350265000639e-30","1.47369327596833e-29","64856","UP",8,4,0.086956522,11.83455626,5.703721539,0.215916955,0.000167113,1,1,1,1,1,4,16.4983606557377,11.4,0.690977742,38.5488958990536,30.2839116719243,56.1369509043928
"298","VWF","55937.4506071133","-1.49050768457567","0.0603547976563905","-24.6957614382435","1.18771343607649e-134","3.66390187947309e-133","7450","DOWN",6,6,0.088235294,179.9732392,37.41878426,0.26183283,0.00185885,0,0,1,1,1,2,13.0409836065574,26.3,2.016719045,39.5268138801262,67.1293375394322,92.5710594315245
"299","WSB1","5244.98597839657","-1.36005975115975","0.0410576458424192","-33.1256145659133","1.27156024854905e-240","7.98073146423115e-239","26118","DOWN",4,4,0.074074074,1559,624.2276136,0.229783473,0.000302375,1,1,1,1,1,4,29.8196721311475,37.6,1.260912589,27.8548895899054,98.9905362776025,82.4935400516796
"300","WTAP","1787.60673420048","1.38927007765624","0.0400134469442128","34.7200799669465","3.92179995345056e-264","2.77097476351736e-262","9589","UP",2,24,0.063492063,3760.894244,21.92994575,0.335051546,0.027733542,0,1,1,1,1,3,30.8573770491803,23.7,0.768049726,20.820189274448,52.0504731861199,61.7571059431525
"301","XAF1","413.964619261076","3.82364181418433","0.257920937082056","14.8248601197035","1.01190476965346e-49","1.23155960077628e-48","54739","UP",2,10,0.125,101.63451,2.230442709,0.283997815,0.006630924,0,1,0,1,1,2,13.7754098360656,9.9,0.718671903,63.4069400630915,24.4794952681388,58.2041343669251
"302","XPC","1805.27333699727","1.06721320980468","0.0306220869900593","34.851093269741","4.09835715220562e-266","2.921967686855e-264","7508","UP",23,14,0.040935673,1868.719966,17.60888805,0.31187525,0.012646213,0,0,0,0,1,0,20.7377049180328,16.7,0.805296443,8.26498422712934,46.4984227129338,64.2118863049096
"303","ZBTB10","680.364946016563","1.03322312915533","0.0454388155978493","22.7387777511576","1.85318526656232e-114","4.83775653823056e-113","65986","UP",9,22,0.074324324,1742.063141,29.7782747,0.317783663,0.019111362,0,0,0,0,1,0,9.04426229508197,7.9,0.873481965,28.2018927444795,60.8201892744479,68.9276485788114
"304","ZFP36","194.459331220898","1.0709859544209","0.103658538886072","10.331864272156","5.05680842303721e-25","3.64161190037398e-24","7538","UP",9,26,0.074285714,2076.745617,30.66012576,0.306664046,0.011341284,0,1,1,1,1,3,43.9049180327869,45.3,1.031775073,28.1072555205047,61.4511041009464,75.3229974160207
"305","ZMAT1","57.8436537170725","-1.34048701919766","0.180345488320854","-7.43288358183261","1.06255414774969e-13","5.26632345831705e-13","84460","DOWN",4,4,0.074074074,24.93182512,11.76340478,0.25751073,0.001177587,1,1,1,1,1,4,8.63770491803279,13.6,1.574492314,27.8548895899054,38.5488958990536,88.5012919896641
"306","ZNF366","197.080894823189","-2.88635081028938","0.114271663898481","-25.258674913963","9.09428864973124e-141","2.93592500471967e-139","167465","DOWN",9,2,0.142857143,0,0,0.236363636,0.000501264,0,1,1,1,1,3,4.95245901639344,5.1,1.02979146,71.5772870662461,10.1892744479495,75.1291989664083
