"","baseMean","log2FoldChange","lfcSE","stat","pvalue","padj","symbol","ENTREZID","diffexpressed"
"ENSG00000179403",51.7878215776707,1.80029458794429,0.210277282703845,8.56152678404082,0.0000000000000000111382534672789,0.000000000000000242768204135731,"VWA1","64856","UP"
"ENSG00000231050",4.12110212557212,2.35838481242807,0.727189659803721,3.24314954239673,0.00118216145593428,0.00591047188173386,"GNB1-DT","105378949","UP"
"ENSG00000171621",1016.84597271951,1.62203439868566,0.0432613535263995,37.4938430369692,0.000000000000000000000000000000000000000000000000000000000000000000000000000000000000000000000000000000000000000000000000000000000000000000000000000000000000000000000000000000000000000000000000000000000000000000000000000000000000000000000000000000000000000000000000000000000000000000000000000000000000000000116045542775824,0.000000000000000000000000000000000000000000000000000000000000000000000000000000000000000000000000000000000000000000000000000000000000000000000000000000000000000000000000000000000000000000000000000000000000000000000000000000000000000000000000000000000000000000000000000000000000000000000000000000000000000123233919453327,"SPSB1","80176","UP"
"ENSG00000162460",12.783202707129,1.03316946103147,0.35225887592327,2.93298347223624,0.00335721763365409,0.015018304485677,"TMEM82","388595","UP"
"ENSG00000228549",6.23841693370237,-1.18783352653129,0.449241641923626,-2.6440859788622,0.00819118465776231,0.0326332836042365,"LINC03126","112267871","DOWN"
"ENSG00000189410",72.9768564010352,-1.04575230006384,0.183843356780355,-5.68827896954275,0.0000000128326067418678,0.000000136807182303849,"SH2D5","400745","DOWN"
"ENSG00000117643",49.0096597700155,-1.55697349634386,0.159634524103129,-9.75336322196821,0.00000000000000000000017845606135036,0.00000000000000000000498711639285399,"MAN1C1","57134","DOWN"
"ENSG00000225886",31.5344625091663,-2.2274380647398,0.531794286107068,-4.18853327862071,0.0000280763144075465,0.000195226900654875,NA,NA,"DOWN"
"ENSG00000116329",5.79115673380488,1.81593069243387,0.547804907025417,3.31492228190211,0.000916686069090383,0.00472176076816564,"OPRD1","4985","UP"
"ENSG00000160097",12.2606211291149,-1.68063954314591,0.50016496844816,-3.36017044208504,0.000778944010848886,0.00408594344698864,"FNDC5","252995","DOWN"
"ENSG00000092850",4.12987200323597,-1.28260842777367,0.512746017978197,-2.5014498071211,0.0123685973569943,0.0465092986596178,"TEKT2","27285","DOWN"
"ENSG00000174348",58.4033578650384,1.55638174447065,0.148364564143222,10.4902525307068,0.0000000000000000000000000957720766560804,0.00000000000000000000000314010848247166,"PODN","127435","UP"
"ENSG00000231252",4.07878171138187,1.43926519134748,0.487533052947019,2.95213869633551,0.00315581146265248,0.0142372754563611,"LOC101926964","101926964","UP"
"ENSG00000162595",26.0417734845254,-1.20658168693887,0.211379514671002,-5.70812970602583,0.0000000114224362609098,0.000000122387819017539,"DIRAS3","9077","DOWN"
"ENSG00000154027",180.270746080149,-1.72137228593723,0.0907666534505273,-18.9648094371516,0.0000000000000000000000000000000000000000000000000000000000000000000000000000000333232800257077,0.00000000000000000000000000000000000000000000000000000000000000000000000000000430388174115813,"AK5","26289","DOWN"
"ENSG00000213561",8.89329389530494,-1.36642543635053,0.390011676961268,-3.50355006546695,0.000459100344989592,0.0025359038996334,NA,NA,"DOWN"
"ENSG00000271576",5.76569316339816,1.34588858544225,0.524077767274403,2.56810853175833,0.0102255135279083,0.0395669415153778,NA,NA,"UP"
"ENSG00000173947",6.41224851326061,-1.16055802621322,0.417439523963642,-2.78018242066198,0.0054328370111036,0.0229094814619998,"CIMAP3","128344","DOWN"
"ENSG00000183508",22.2857795120005,-1.18835758561884,0.301675662064561,-3.9391894509691,0.0000817573531055787,0.000522847709807004,"TENT5C","54855","DOWN"
"ENSG00000211451",9.08177596353885,-1.02432451242034,0.359899706973369,-2.8461387785907,0.00442529042771483,0.0191508776377109,NA,NA,"DOWN"
"ENSG00000163154",2.37276444239379,-3.24001652436661,1.04354258822111,-3.1048244325991,0.00190391999063358,0.00907793230754825,"TNFAIP8L2","79626","DOWN"
"ENSG00000238279",8.50849111453684,-1.02588744340915,0.4073191882484,-2.51863274062973,0.0117811467407442,0.0446464353587086,NA,NA,"DOWN"
"ENSG00000027869",22.1527633803417,1.411405132714,0.408601610689602,3.45423291487265,0.000551860537619878,0.00298917942097024,"SH2D2A","9047","UP"
"ENSG00000117152",246.521272765645,-1.53189144941863,0.0966871674316375,-15.8437928228868,0.0000000000000000000000000000000000000000000000000000000155172281139774,0.00000000000000000000000000000000000000000000000000000129524810217764,"RGS4","5999","DOWN"
"ENSG00000116132",142.044671014644,-1.34301518605338,0.171165123048516,-7.84631332676757,0.0000000000000042844571489098,0.0000000000000779233096112377,"PRRX1","5396","DOWN"
"ENSG00000197959",23.278302242856,1.0553437753839,0.220595967056978,4.78405743071136,0.00000171791564008171,0.0000142835830622713,"DNM3","26052","UP"
"ENSG00000116147",14.3083237506992,2.34013880464677,0.277111319674901,8.44476078202851,0.0000000000000000304668701491195,0.000000000000000646364287347857,"TNR","7143","UP"
"ENSG00000135842",701.745943757129,-1.19117574425893,0.0727346488558174,-16.3770054987164,0.00000000000000000000000000000000000000000000000000000000000279152233057312,0.000000000000000000000000000000000000000000000000000000000249345557705164,"NIBAN1","116496","DOWN"
"ENSG00000276600",3.12390573387884,-2.74672947619119,1.01909729655981,-2.69525734732434,0.00703342855863387,0.0286722087648297,"RAB7B","338382","DOWN"
"ENSG00000174059",2163.57960277814,-1.33257029981587,0.0833519100228828,-15.9872797090077,0.0000000000000000000000000000000000000000000000000000000015672686555767,0.000000000000000000000000000000000000000000000000000000133148179339327,"CD34","947","DOWN"
"ENSG00000196878",1824.92245294321,-1.02884804929435,0.0839322085602528,-12.2580838386466,0.000000000000000000000000000000000152052951170697,0.00000000000000000000000000000000690378185659825,"LAMB3","3914","DOWN"
"ENSG00000123689",250.399326548147,-2.1680740243511,0.181556211543296,-11.9416130460184,0.0000000000000000000000000000000071816762627514,0.000000000000000000000000000000309882035581248,"G0S2","50486","DOWN"
"ENSG00000143476",172.124419729199,-1.00450705725416,0.0919121487111631,-10.9289911218468,0.000000000000000000000000000837746180062694,0.0000000000000000000000000296546633924044,"DTL","51514","DOWN"
"ENSG00000092969",85.5529358031596,1.93867312111911,0.162433684305303,11.935166830762,0.00000000000000000000000000000000776031466246309,0.000000000000000000000000000000334095528767978,"TGFB2","7042","UP"
"ENSG00000185155",10.3010956106585,1.07276021116304,0.381196243586765,2.81419407775163,0.00488996961591171,0.0208875461917659,"MIXL1","83881","UP"
"ENSG00000162849",12.4183649619412,1.29394829954254,0.301285864265827,4.29475276809161,0.0000174888121187686,0.000125487478847696,"KIF26B","55083","UP"
"ENSG00000115705",24.2042492132762,-1.50292256165149,0.295422706979733,-5.08736304333774,0.000000363076401899144,0.00000327987023738286,"TPO","7173","DOWN"
"ENSG00000162975",5.2617078245639,2.63214916248723,0.617246888932525,4.26433767376179,0.0000200496040325084,0.000142471442781189,"KCNF1","3754","UP"
"ENSG00000143878",15589.5521083158,1.38498429877106,0.0233652716716235,59.2753347033875,0,0,"RHOB","388","UP"
"ENSG00000143869",66.2703915330808,1.56375197968225,0.156013775715001,10.0231660474575,0.0000000000000000000000120577252336439,0.000000000000000000000354589873601699,"GDF7","151449","UP"
"ENSG00000157856",6.45429509272789,-1.08409226481985,0.414153820547293,-2.61760778492216,0.00885485181604751,0.0348918764097605,"DRC1","92749","DOWN"
"ENSG00000138030",47.0373992487671,-1.5213389553059,0.193682360996476,-7.85481417863126,0.00000000000000400365274448933,0.0000000000000730246395142305,"KHK","3795","DOWN"
"ENSG00000084734",41.3933956693087,-1.41070745817237,0.238034229965144,-5.92648989340291,0.00000000309478422902522,0.000000035024748690241,"GCKR","2646","DOWN"
"ENSG00000272716",2.33436003705214,2.76546748750656,0.98232938344472,2.81521405560418,0.00487447541764011,0.0208306723917261,"SLC30A6-DT","118568811","UP"
"ENSG00000049323",2459.91406374849,1.14519033546587,0.0324339157802732,35.3084204578959,0.0000000000000000000000000000000000000000000000000000000000000000000000000000000000000000000000000000000000000000000000000000000000000000000000000000000000000000000000000000000000000000000000000000000000000000000000000000000000000000000000000000000000000000000000000000000043611658492604,0.00000000000000000000000000000000000000000000000000000000000000000000000000000000000000000000000000000000000000000000000000000000000000000000000000000000000000000000000000000000000000000000000000000000000000000000000000000000000000000000000000000000000000000000000000000416818426043063,"LTBP1","4052","UP"
"ENSG00000162882",14.4770683826096,2.74539645454209,0.884136156161479,3.10517383030841,0.001901672285557,0.0090694774796462,"HAAO","23498","UP"
"ENSG00000169604",687.349359342547,1.00166286168457,0.0550755954995937,18.1870545855824,0.0000000000000000000000000000000000000000000000000000000000000000000000000653594853341059,0.00000000000000000000000000000000000000000000000000000000000000000000000743658667953235,"ANTXR1","84168","UP"
"ENSG00000239322",4.20159799390138,-2.52025092989763,0.733460945961402,-3.43610787155702,0.000590135952109129,0.00317669634597747,"ATP6V1B1-AS1","101927750","DOWN"
"ENSG00000280721",20.9302621505722,1.82154536090308,0.240096398234554,7.58672505833919,0.0000000000000328092240747065,0.000000000000561960858591411,"LINC01943","101928173","UP"
"ENSG00000196460",10.976543012223,-1.10161488165563,0.406113042490932,-2.71258188335635,0.00667612848481797,0.0274144352282053,"RFX8","731220","DOWN"
"ENSG00000144057",8.87991555260325,3.99068271463052,0.877511740018151,4.54772572563869,0.00000542287440545134,0.0000420179344386714,"ST6GAL2","84620","UP"
"ENSG00000144063",585.653286392308,-1.01464953607224,0.0610378535936203,-16.6232833616267,0.0000000000000000000000000000000000000000000000000000000000000472713155722298,0.00000000000000000000000000000000000000000000000000000000000440776193738133,"MALL","7851","DOWN"
"ENSG00000271590",4.04732340363896,2.15676899858392,0.647853306363674,3.32910085878795,0.000871268468615093,0.00451511594745223,NA,NA,"UP"
"ENSG00000240350",3.57295940511828,1.75631492162189,0.600594938997427,2.92429191054075,0.00345240821930815,0.0153830370929306,NA,NA,"UP"
"ENSG00000163083",24.2948161043986,-1.07221484723688,0.242040083557968,-4.42990611916596,0.00000942741194573631,0.0000703101753190596,"INHBB","3625","DOWN"
"ENSG00000152128",182.482278330605,-1.23665709161591,0.0892236228184057,-13.8601981465473,0.000000000000000000000000000000000000000000110369164983333,0.00000000000000000000000000000000000000000661350027791978,"TMEM163","81615","DOWN"
"ENSG00000197635",217.189986550816,-1.26418012935344,0.086284762612372,-14.6512558078496,0.00000000000000000000000000000000000000000000000132248585378411,0.0000000000000000000000000000000000000000000000936271003521602,"DPP4","1803","DOWN"
"ENSG00000078098",7.88449812861373,1.32718164167892,0.426688617044898,3.11042195329824,0.00186820258791047,0.00892990559337551,"FAP","2191","UP"
"ENSG00000169432",257.433974349455,-1.66260051586496,0.0829940212790435,-20.0327745329383,0.0000000000000000000000000000000000000000000000000000000000000000000000000000000000000000285310544285357,0.0000000000000000000000000000000000000000000000000000000000000000000000000000000000000043283421063608,"SCN9A","6335","DOWN"
"ENSG00000163092",162.123195975305,-1.00459501898077,0.119016174677501,-8.44082765811399,0.0000000000000000315098451634456,0.00000000000000066701073122842,"XIRP2","129446","DOWN"
"ENSG00000115252",6.8764071801579,-1.12327021618668,0.4130070858213,-2.71973594339904,0.00653340659091546,0.0268987917026022,"PDE1A","5136","DOWN"
"ENSG00000233766",2.45873121539252,-2.07371502682044,0.824300601193002,-2.51572669462956,0.0118787257433471,0.0449355137640495,NA,NA,"DOWN"
"ENSG00000115461",121.20136895371,-1.37558014746749,0.246835172279291,-5.57286927452559,0.0000000250577601219917,0.00000025862801551397,"IGFBP5","3488","DOWN"
"ENSG00000127824",124.941075894278,-1.04495199955021,0.121252385434193,-8.61799127339503,0.0000000000000000068138873049073,0.000000000000000151099136697567,"TUBA4A","7277","DOWN"
"ENSG00000135919",366.900672780922,1.45608677860439,0.0732939557040292,19.8663964117896,0.000000000000000000000000000000000000000000000000000000000000000000000000000000000000000795098696656536,0.000000000000000000000000000000000000000000000000000000000000000000000000000000000000115138724140831,"SERPINE2","5270","UP"
"ENSG00000131386",123.4431096407,-1.02676491587978,0.111567863207327,-9.20305262073309,0.0000000000000000000347922424451475,0.000000000000000000883205463929607,"GALNT15","117248","DOWN"
"ENSG00000144644",6.77390848565505,1.57371587052054,0.481024574767363,3.27159141771838,0.00106944007252417,0.00540945937716312,"GADL1","339896","UP"
"ENSG00000183873",273.222253075822,-1.00043914992157,0.0753211734099693,-13.2823096697688,0.000000000000000000000000000000000000000293208595676906,0.0000000000000000000000000000000000000156555371686147,"SCN5A","6331","DOWN"
"ENSG00000185313",7.78429127779063,-3.23944830376469,0.62371165063074,-5.19382362104145,0.000000206018333782379,0.00000191725435747331,"SCN10A","6336","DOWN"
"ENSG00000170011",497.499610529072,-1.49055619128026,0.105529309022493,-14.1245707480427,0.00000000000000000000000000000000000000000000268028037050966,0.00000000000000000000000000000000000000000016853144500754,"MYRIP","25924","DOWN"
"ENSG00000114812",41.8406986290953,-1.09926997659242,0.227812975456862,-4.8253176729197,0.00000139780288529958,0.0000117188605932024,"VIPR1","7433","DOWN"
"ENSG00000163814",484.787456848757,-1.61682941711887,0.136880371327049,-11.8119888296896,0.0000000000000000000000000000000338459203546437,0.0000000000000000000000000000014187823850417,"CDCP1","64866","DOWN"
"ENSG00000249992",160.239737941768,-1.66044437373835,0.202576200162958,-8.19664093019143,0.000000000000000247197432110015,0.00000000000000490163787840553,"TMEM158","25907","DOWN"
"ENSG00000223552",11.2675528274642,-1.33990027609953,0.410660203568367,-3.26279552889878,0.00110319083301509,0.00555518776951619,"CCR5AS","102724297","DOWN"
"ENSG00000010319",333.225888961429,2.72170399072524,0.0838845067287662,32.445848427358,0.00000000000000000000000000000000000000000000000000000000000000000000000000000000000000000000000000000000000000000000000000000000000000000000000000000000000000000000000000000000000000000000000000000000000000000000000000000000000000619848484846259,0.00000000000000000000000000000000000000000000000000000000000000000000000000000000000000000000000000000000000000000000000000000000000000000000000000000000000000000000000000000000000000000000000000000000000000000000000000000000000423157278137008,"SEMA3G","56920","UP"
"ENSG00000168268",2646.96730708519,1.17226884796887,0.0641109057807976,18.2850145960656,0.0000000000000000000000000000000000000000000000000000000000000000000000000108934367265354,0.0000000000000000000000000000000000000000000000000000000000000000000000012774726566118,"NT5DC2","64943","UP"
"ENSG00000168309",540.689395096893,-1.00603075547007,0.0556265766296458,-18.0854335539663,0.000000000000000000000000000000000000000000000000000000000000000000000000415090289059373,0.0000000000000000000000000000000000000000000000000000000000000000000000469494134637273,"FAM107A","11170","DOWN"
"ENSG00000198643",3.62406386605968,-1.66437516218106,0.659902904249796,-2.52215159451857,0.0116639430127532,0.0442988815197254,"FAM3D","131177","DOWN"
"ENSG00000271843",3.38510950444345,-2.27289110864835,0.81781619367876,-2.77921998392361,0.00544896099517865,0.0229622772096208,NA,NA,"DOWN"
"ENSG00000163638",935.6308029406,-1.13193767203447,0.0517757778426164,-21.8623016244245,0.000000000000000000000000000000000000000000000000000000000000000000000000000000000000000000000000000000000593737542140586,0.000000000000000000000000000000000000000000000000000000000000000000000000000000000000000000000000000000120737160829971,"ADAMTS9","56999","DOWN"
"ENSG00000175841",5.5206862330824,1.68896718528105,0.56673102898613,2.98019183509783,0.00288067919859225,0.0131292758419387,NA,NA,"UP"
"ENSG00000144821",7.33098989136195,-1.45832100347977,0.453843150482121,-3.21327093276737,0.00131232432308927,0.00649872524244855,"MYH15","22989","DOWN"
"ENSG00000206532",4.96556971945217,1.60630235703284,0.62181881512391,2.58323215374683,0.00978794354537612,0.0380819338224841,NA,NA,"UP"
"ENSG00000144857",7.8279689443316,1.15676306508671,0.409221829690195,2.82673841217719,0.00470247244976628,0.0201994968263556,"BOC","91653","UP"
"ENSG00000129048",40.8108134162615,-1.27260714406936,0.206852423801865,-6.15224671134788,0.000000000763929167422805,0.00000000908681147186491,"ACKR4","51554","DOWN"
"ENSG00000273486",10.133657865361,1.01382667859964,0.375409754730261,2.7005869342103,0.00692172448817385,0.0282892374580806,NA,NA,"UP"
"ENSG00000196549",717.424622592022,-1.03147994629602,0.0630186840348212,-16.3678433165325,0.00000000000000000000000000000000000000000000000000000000000324511156948714,0.000000000000000000000000000000000000000000000000000000000288513058840683,"MME","4311","DOWN"
"ENSG00000163661",5928.08793379254,-1.44270853716406,0.107487859935406,-13.4220602962144,0.0000000000000000000000000000000000000000449052958300792,0.00000000000000000000000000000000000000245949779310018,"PTX3","5806","DOWN"
"ENSG00000136603",1440.9096450393,1.28599746809883,0.046860302188712,27.4432175644102,0.000000000000000000000000000000000000000000000000000000000000000000000000000000000000000000000000000000000000000000000000000000000000000000000000000000000000000000000837119355690696,0.00000000000000000000000000000000000000000000000000000000000000000000000000000000000000000000000000000000000000000000000000000000000000000000000000000000000000000030772185546207,"SKIL","6498","UP"
"ENSG00000013297",8575.70852234833,-1.05317188579,0.0410443005862679,-25.6593941362558,0.00000000000000000000000000000000000000000000000000000000000000000000000000000000000000000000000000000000000000000000000000000000000000000000000033213474702137,0.0000000000000000000000000000000000000000000000000000000000000000000000000000000000000000000000000000000000000000000000000000000000000000000000976731644509768,"CLDN11","5010","DOWN"
"ENSG00000090539",11.1577236492667,-1.10447005384292,0.31104885452641,-3.550792866685,0.000384072557936142,0.00215420978431612,"CHRD","8646","DOWN"
"ENSG00000145113",3.88669993137346,2.25608774798303,0.702388580972937,3.21202224679954,0.00131804168359667,0.00652534752187268,"MUC4","4585","UP"
"ENSG00000002587",34.2530051099341,-1.43686662918918,0.220959387695537,-6.50285395961115,0.0000000000788102988224152,0.00000000103465581180664,"HS3ST1","9957","DOWN"
"ENSG00000004468",4.34544028489026,-3.40560515629701,0.842905055980696,-4.04031881424022,0.0000533785895558577,0.000352567981810719,"CD38","952","DOWN"
"ENSG00000169429",7531.69583489707,-1.10005371752279,0.12941796115823,-8.50000809530472,0.0000000000000000189577475265771,0.000000000000000406252627769642,"CXCL8","3576","DOWN"
"ENSG00000138769",10.2900251179172,-1.34783394459465,0.412197474651663,-3.26987433810376,0.00107595270199762,0.00543808458452792,"CDKL2","8999","DOWN"
"ENSG00000169248",497.979695615162,1.13363233071582,0.199085741712951,5.69419146224105,0.000000012395792257888,0.000000132445818339591,"CXCL11","6373","UP"
"ENSG00000251411",3.8078452367017,-1.67956092652793,0.675835905780546,-2.48516083884024,0.0129492913718841,0.0483771091553792,NA,NA,"DOWN"
"ENSG00000188517",46.6017463454301,1.98344682983084,0.199229091192865,9.95560848044399,0.0000000000000000000000238360226794721,0.00000000000000000000069455117914346,"COL25A1","84570","UP"
"ENSG00000248187",8.88887580779784,-2.15861421637036,0.528753213819447,-4.08246070180382,0.0000445613490142197,0.000298559476483284,"LOC124900778","124900778","DOWN"
"ENSG00000168491",5.91527635296365,1.43265576625483,0.548403107610582,2.61241365406731,0.00899053996958649,0.0353173389886243,"CCDC110","256309","UP"
"ENSG00000249679",1.97826603338867,2.97572619509483,1.04653092919251,2.84341925507243,0.00446323168006207,0.0192873367695984,NA,NA,"UP"
"ENSG00000083857",205.319258110107,1.43350805205023,0.113123427186891,12.6720705666204,0.000000000000000000000000000000000000844552898230617,0.0000000000000000000000000000000000409736767758331,"FAT1","2195","UP"
"ENSG00000145491",8.94680053513799,-1.05377015661059,0.386273765106181,-2.72803967497229,0.00637119445298504,0.0263094861838981,"ROPN1L","83853","DOWN"
"ENSG00000223361",17.1550082363408,-1.07546404412192,0.305288151731897,-3.5227834359795,0.000427040149331388,0.00237361804433541,NA,NA,"DOWN"
"ENSG00000232517",9.2178472279368,1.94450642233631,0.408855942886349,4.75596956866744,0.0000019749622097659,0.0000162232069788033,"CSPG4BP","727930","UP"
"ENSG00000164283",10016.7784197761,1.30055216108481,0.0324676432696332,40.0568698591441,0,0,"ESM1","11082","UP"
"ENSG00000145649",2.70528970917666,2.91762360482748,1.10027048686622,2.65173304169725,0.00800798294210348,0.0319767273737848,"GZMA","3001","UP"
"ENSG00000164287",2.23424644221628,1.92844353557399,0.764448905400521,2.52265850856783,0.0116471445640363,0.0442438728818669,"CDC20B","166979","UP"
"ENSG00000152932",14.8399809106787,1.74838065693204,0.263775975302825,6.62827861758385,0.0000000000339623986702083,0.000000000463046541070636,"RAB3C","115827","UP"
"ENSG00000248371",7.56805156878124,-1.55147372199979,0.510567531869844,-3.03872382232738,0.00237582546659918,0.011065766031687,NA,NA,"DOWN"
"ENSG00000171617",882.150689115328,1.4101051291613,0.0487966552696981,28.8975775361585,0.00000000000000000000000000000000000000000000000000000000000000000000000000000000000000000000000000000000000000000000000000000000000000000000000000000000000000000000000000000000000000128060833457203,0.000000000000000000000000000000000000000000000000000000000000000000000000000000000000000000000000000000000000000000000000000000000000000000000000000000000000000000000000000000000000597044593057179,"ENC1","8507","UP"
"ENSG00000164220",316.31403025709,1.15154821693954,0.0668021479941204,17.2381914581683,0.00000000000000000000000000000000000000000000000000000000000000000137264243062992,0.000000000000000000000000000000000000000000000000000000000000000138095052955216,"F2RL2","2151","UP"
"ENSG00000164251",1598.94186274127,1.90044646686878,0.0814591757882154,23.3300478243203,0.00000000000000000000000000000000000000000000000000000000000000000000000000000000000000000000000000000000000000000000000219741801011266,0.000000000000000000000000000000000000000000000000000000000000000000000000000000000000000000000000000000000000000000000531691712193716,"F2RL1","2150","UP"
"ENSG00000038427",20.8744017606538,2.59030583527056,0.2931997665938,8.83461083671045,0.00000000000000000100447325484883,0.0000000000000000234438415951592,"VCAN","1462","UP"
"ENSG00000175471",1873.70163051879,1.03553801411331,0.0403099762790668,25.6893729468918,0.000000000000000000000000000000000000000000000000000000000000000000000000000000000000000000000000000000000000000000000000000000000000000000000000153651819482331,0.0000000000000000000000000000000000000000000000000000000000000000000000000000000000000000000000000000000000000000000000000000000000000000000000458914770219494,"MCTP1","79772","UP"
"ENSG00000081059",50.8651162979647,1.24676551978265,0.194094213980471,6.4235068846931,0.000000000133170118702466,0.00000000170727486183611,"TCF7","6932","UP"
"ENSG00000120708",272.51394976748,1.48390767787412,0.0951198324958841,15.6004025547284,0.000000000000000000000000000000000000000000000000000000723365585195918,0.0000000000000000000000000000000000000000000000000000588388645149786,"TGFBI","7045","UP"
"ENSG00000279686",4.27192952558643,1.58650033541352,0.531395898207801,2.98553364970296,0.00283083990728568,0.0129267808953096,NA,NA,"UP"
"ENSG00000158458",12.2634067618755,-2.03523824898454,0.443382544132605,-4.59025344122671,0.00000442708130176298,0.0000347530427446404,"NRG2","9542","DOWN"
"ENSG00000204963",6.29921772294542,1.23939443074046,0.435905840401982,2.84326181451828,0.0044654372013866,0.0192896795716395,"PCDHA7","56141","UP"
"ENSG00000145861",3.31053841172966,1.75090201484047,0.664847255027852,2.6335402629693,0.00844998164377189,0.0335454619149948,"C1QTNF2","114898","UP"
"ENSG00000253522",92.8182860243309,1.1859938098771,0.175929252459974,6.74131102868712,0.0000000000156963789162255,0.000000000219806800720622,"MIR3142HG","107075116","UP"
"ENSG00000184347",5.07621020450106,1.75229438944062,0.544966991100254,3.21541381048208,0.00130256603559852,0.00645541865970074,"SLIT3","6586","UP"
"ENSG00000074317",17.8707292235503,-1.31903862127205,0.266665051599399,-4.94642478780305,0.000000755889140589989,0.0000065379280191754,"SNCB","6620","DOWN"
"ENSG00000246334",4.73556858795033,-1.53499492325369,0.615814179588037,-2.49262679251809,0.0126802048544582,0.0475072747536199,NA,NA,"DOWN"
"ENSG00000272463",19.1662630698984,-1.22492198281983,0.338211656024605,-3.62176158331669,0.000292603730738364,0.00167760057380438,NA,NA,"DOWN"
"ENSG00000219607",9.34528308404933,-1.42303912971419,0.420995086806818,-3.38017989831597,0.000724383992537947,0.0038271420722396,"PPP1R3G","648791","DOWN"
"ENSG00000239264",5898.02169916656,1.12061496838261,0.0428918149437201,26.1265458188937,0.00000000000000000000000000000000000000000000000000000000000000000000000000000000000000000000000000000000000000000000000000000000000000000000000000000182095818358533,0.000000000000000000000000000000000000000000000000000000000000000000000000000000000000000000000000000000000000000000000000000000000000000000000000000561413156116671,"TXNDC5","81567","UP"
"ENSG00000078401",4194.54662449931,1.41308079375492,0.0325506877019334,43.4117032086847,0,0,"EDN1","1906","UP"
"ENSG00000275714",1.86883295907193,-2.71195553514776,1.05569925818744,-2.56887130886498,0.0102030340138382,0.0394879520499124,"H3C1","8350","DOWN"
"ENSG00000197238",2.5691725883571,-3.06918183874273,1.07027054796191,-2.86766915579178,0.00413507690349401,0.0180214306909001,"H4C11","8363","DOWN"
"ENSG00000204709",3.11379723601832,-2.57890934144042,0.927213106510762,-2.78135557331068,0.00541324110050338,0.0228419654825877,NA,NA,"DOWN"
"ENSG00000206337",33.5271999807761,-1.40326691511545,0.362940854057133,-3.86637905165272,0.000110463206996161,0.000688234746327123,"HCP5","10866","DOWN"
"ENSG00000201207",2.0030215455521,-2.64803798736741,1.04420429841098,-2.5359386007097,0.0112146394803304,0.042873566733303,NA,NA,"DOWN"
"ENSG00000255152",8.03784217034078,-1.39444080097214,0.42163191872989,-3.30724676910777,0.000942178539247779,0.00484132870368852,"MSH5-SAPCD1","100532732","DOWN"
"ENSG00000243649",68.5329195594449,-2.1193993333119,0.487255463257767,-4.34966766537968,0.0000136344003875121,0.00009932224215217,"CFB","629","DOWN"
"ENSG00000196126",11.0534244006923,1.23598700576524,0.412013979276958,2.9998666742674,0.0027009780584991,0.0124317831900338,"HLA-DRB1","3123","UP"
"ENSG00000204261",60.6538284848489,-1.2286402979318,0.1724799783862,-7.12337924336213,0.00000000000105312522274861,0.0000000000161560903955375,"PSMB8-AS1","100507463","DOWN"
"ENSG00000240065",567.487101321841,-1.30439619046204,0.16540945109043,-7.88586251790971,0.0000000000000031237036715781,0.0000000000000573579209243184,"PSMB9","5698","DOWN"
"ENSG00000146197",14.1104554171931,1.16330009364827,0.274824812433952,4.23287869587046,0.0000230718962304625,0.000162438046572851,"SCUBE3","222663","UP"
"ENSG00000124772",304.189587924333,1.69041818352453,0.0749494869199254,22.5540994740971,0.000000000000000000000000000000000000000000000000000000000000000000000000000000000000000000000000000000000000000122404922499065,0.0000000000000000000000000000000000000000000000000000000000000000000000000000000000000000000000000000000000000281900011273448,"CPNE5","57699","UP"
"ENSG00000112559",350.535234385982,1.05324729446199,0.0595902953355235,17.6748124595066,0.00000000000000000000000000000000000000000000000000000000000000000000065558055641566,0.0000000000000000000000000000000000000000000000000000000000000000000712012632720758,"MDFI","4188","UP"
"ENSG00000001561",186.939562781121,-1.0375342348859,0.0979870358239399,-10.5884847537394,0.0000000000000000000000000337002656501438,0.0000000000000000000000011242243942452,"ENPP4","22875","DOWN"
"ENSG00000135547",17.3537600788828,1.5113544839861,0.284925649762504,5.30438198612821,0.000000113055354153924,0.00000108160815548161,"HEY2","23493","UP"
"ENSG00000237927",4.34434967737028,-2.94017510284925,1.06219026638599,-2.76803054583897,0.00563961696374045,0.0236925886289887,NA,NA,"DOWN"
"ENSG00000235008",7.34728815558156,-1.14319107824391,0.453739426531587,-2.51948808368393,0.01175256183659,0.044555775388024,NA,NA,"DOWN"
"ENSG00000237181",28.4741125860311,1.17717463076692,0.41558233147675,2.83259066039668,0.00461724708227692,0.01988255867937,"PRKAR1B-AS1","101926963","UP"
"ENSG00000164855",17.992764991525,1.08119582796072,0.288229258318024,3.75116611779834,0.00017601402978186,0.00106068984214384,"TMEM184A","202915","UP"
"ENSG00000225968",47.6234514986448,1.05287964532416,0.180075135650088,5.84689075214724,0.00000000500846197869339,0.0000000555639876510297,"ELFN1","392617","UP"
"ENSG00000106003",165.014124660524,1.91262774777255,0.0957393283750048,19.9774510667227,0.0000000000000000000000000000000000000000000000000000000000000000000000000000000000000000865305146796924,0.0000000000000000000000000000000000000000000000000000000000000000000000000000000000000128219440938164,"LFNG","3955","UP"
"ENSG00000106066",14.1021724324055,-1.16826976769419,0.30545561839089,-3.82467925732883,0.000130942444816133,0.000805588938738456,"CPVL","54504","DOWN"
"ENSG00000240583",32.0672362755513,-1.49161834255281,0.190147434902941,-7.84453570627546,0.00000000000000434558244306713,0.0000000000000789598939156162,"AQP1","358","DOWN"
"ENSG00000154678",109.02878129461,1.2211506729152,0.112825433712336,10.823363427334,0.00000000000000000000000000266802811022046,0.0000000000000000000000000918907339222775,"PDE1C","5137","UP"
"ENSG00000281103",14.179594122387,-1.07525421013497,0.275944850872044,-3.89662719466204,0.0000975415901948392,0.000615349008770413,"TRG-AS1","100506776","DOWN"
"ENSG00000122641",1022.76462198877,1.00097159535189,0.120897285146598,8.27952086879476,0.000000000000000123671860727277,0.00000000000000249892982854323,"INHBA","3624","UP"
"ENSG00000058404",24.5418833945576,-1.53718572290167,0.263531978056773,-5.83301402067612,0.00000000544349919852094,0.0000000602155597104906,"CAMK2B","816","DOWN"
"ENSG00000177679",45.5879155427096,1.00700898806511,0.159206021158675,6.32519411474686,0.000000000252914440866864,0.00000000316598528956785,"SRRM3","222183","UP"
"ENSG00000146700",4.34419353305199,1.42368047502337,0.5753797322438,2.47433198502051,0.0133485590932004,0.0496995923386298,"SSC4D","136853","UP"
"ENSG00000075213",36.0479502850622,-1.21743973850876,0.223280576862502,-5.4525107182004,0.0000000496635778091012,0.00000049650590471808,"SEMA3A","10371","DOWN"
"ENSG00000105825",7358.06547917549,1.10093159231257,0.0788238562531309,13.9669846750087,0.0000000000000000000000000000000000000000000247902138029262,0.000000000000000000000000000000000000000001499572584946,"TFPI2","7980","UP"
"ENSG00000164692",52.9380681099577,1.80718733110501,0.145319290832368,12.4359768118444,0.0000000000000000000000000000000000166690549706622,0.000000000000000000000000000000000771498754877019,"COL1A2","1278","UP"
"ENSG00000002079",44.5095442595216,-1.19720138790658,0.193781776671034,-6.17809067742712,0.000000000648814489609366,0.00000000775615320130271,"MYH16","84176","DOWN"
"ENSG00000185955",36.498793630004,-1.07465762454584,0.195270451419201,-5.50343186455177,0.0000000372468518825815,0.000000376448631619607,"SPACDR","402573","DOWN"
"ENSG00000106366",132950.208966544,1.3007596784386,0.0267948576338519,48.545123702962,0,0,"SERPINE1","5054","UP"
"ENSG00000189056",180.121818533737,2.68252390048731,0.16069830591228,16.6929196002329,0.0000000000000000000000000000000000000000000000000000000000000147574113044781,0.00000000000000000000000000000000000000000000000000000000000138959565066551,"RELN","5649","UP"
"ENSG00000243193",15.2640654846977,-1.40467687786564,0.331391932233967,-4.23871778771586,0.000022480003642245,0.000158621361986531,NA,NA,"DOWN"
"ENSG00000172331",828.844798422228,1.26068998206863,0.0661276794231687,19.0644824234817,0.00000000000000000000000000000000000000000000000000000000000000000000000000000000498182552139325,0.000000000000000000000000000000000000000000000000000000000000000000000000000000656742033389186,"BPGM","669","UP"
"ENSG00000244701",24.5223087559934,1.20320470173858,0.226400067420352,5.31450681728208,0.000000106946578617176,0.00000102779479651449,NA,NA,"UP"
"ENSG00000270157",66.5273964934448,1.10459246911228,0.153105769745761,7.21457114873269,0.000000000000541042132195699,0.0000000000084631917814409,NA,NA,"UP"
"ENSG00000275896",198.155095471157,-1.72475585072628,0.0889009837927801,-19.4008634904033,0.00000000000000000000000000000000000000000000000000000000000000000000000000000000000758860228844312,0.00000000000000000000000000000000000000000000000000000000000000000000000000000000105113139669268,"PRSS2","5645","DOWN"
"ENSG00000211771",3.95473580513869,-1.54163843237211,0.589692351383757,-2.61430969683521,0.00894079525906893,0.0351652883491981,"TRBJ2-7","28622","DOWN"
"ENSG00000011201",8.8863999685096,1.33776577276237,0.419894798118249,3.18595462186611,0.00144277225153993,0.007075061977472,"ANOS1","3730","UP"
"ENSG00000188158",4.94009483730067,2.10040002611937,0.577869914910759,3.63472811427419,0.000278273944937649,0.00160168818352399,"NHS","4810","UP"
"ENSG00000156298",44.3229435579916,-1.04772725470231,0.203405291706562,-5.15093410752455,0.000000259192248416283,0.00000239228677960013,"TSPAN7","7102","DOWN"
"ENSG00000124479",3.36869029331528,-3.12374588743897,0.806356638659545,-3.87390112225251,0.000107106883492789,0.000670821781770856,"NDP","4693","DOWN"
"ENSG00000235636",4.75689417235297,-1.57562049590045,0.559598685744094,-2.81562579762917,0.00486823335290315,0.0208133036324634,NA,NA,"DOWN"
"ENSG00000248503",6.47797749468403,1.08381981682856,0.426134287965099,2.54337622537741,0.0109786946205419,0.0421062896612479,NA,NA,"UP"
"ENSG00000102359",1293.05956650744,1.39872326754103,0.0385427421319136,36.2901856529528,0.00000000000000000000000000000000000000000000000000000000000000000000000000000000000000000000000000000000000000000000000000000000000000000000000000000000000000000000000000000000000000000000000000000000000000000000000000000000000000000000000000000000000000000000000000000000000000000000000231086716772945,0.0000000000000000000000000000000000000000000000000000000000000000000000000000000000000000000000000000000000000000000000000000000000000000000000000000000000000000000000000000000000000000000000000000000000000000000000000000000000000000000000000000000000000000000000000000000000000000000023248539953236,"SRPX2","27286","UP"
"ENSG00000261295",80.4219874566505,1.69642830649399,0.13924256566069,12.1832594684293,0.000000000000000000000000000000000381715777523031,0.0000000000000000000000000000000172087195456433,NA,NA,"UP"
"ENSG00000123572",48.0584501885868,1.11354449612479,0.175756473684843,6.33572392970025,0.000000000236229442175911,0.00000000296683691668366,"NRK","203447","UP"
"ENSG00000184785",24.8994491812689,-1.1021127383769,0.247829315113808,-4.44706364891007,0.00000870520504688258,0.000065280499988686,"SMIM10","644538","DOWN"
"ENSG00000129682",11.0569768637662,1.71556989991615,0.323865361314084,5.29717007387026,0.000000117611143507306,0.00000112406850407107,"FGF13","2258","UP"
"ENSG00000224963",12.8541573145322,1.80882107779733,0.324207700249931,5.57920455437336,0.0000000241620964650856,0.000000249923416628848,NA,NA,"UP"
"ENSG00000182492",4578.77243474802,1.98550718523434,0.0348570877686501,56.9613617297104,0,0,"BGN","633","UP"
"ENSG00000104611",17.1018972598189,1.26631064666533,0.288972877347784,4.38210900028969,0.0000117535976504284,0.0000865113666106811,"SH2D4A","63898","UP"
"ENSG00000175445",2.50014148203916,4.21467813933621,0.958380652195924,4.39770787283652,0.0000109400088830174,0.0000809281229871817,"LPL","4023","UP"
"ENSG00000147443",2.93088719737509,2.26224622382663,0.821191564988741,2.754833732197,0.00587219683163895,0.0245402366499297,"DOK2","9046","UP"
"ENSG00000253616",14.3894889761122,1.7869535031535,0.300860144030418,5.93948230967022,0.00000000285923526671934,0.000000032477421630521,NA,NA,"UP"
"ENSG00000159167",247.673760436482,-2.30677126847528,0.113334652910212,-20.3536271497015,0.0000000000000000000000000000000000000000000000000000000000000000000000000000000000000000000431160190450746,0.00000000000000000000000000000000000000000000000000000000000000000000000000000000000000000686802253372168,"STC1","6781","DOWN"
"ENSG00000253746",5.67917884240143,-1.5850755195483,0.579291758643916,-2.73623005315812,0.0062147561642728,0.0257354991507961,NA,NA,"DOWN"
"ENSG00000253161",35.1024211982382,-1.52304542430314,0.262553465016036,-5.80089630205459,0.00000000659613842147563,0.0000000724211291938579,NA,NA,"DOWN"
"ENSG00000183154",3.80204814465888,-1.63067297713928,0.637265540708496,-2.55885949101585,0.0105016177716596,0.0405041210059065,"LOC102723701","102723701","DOWN"
"ENSG00000176907",647.257786451427,1.91218340256058,0.0727312063657574,26.2910997645826,0.0000000000000000000000000000000000000000000000000000000000000000000000000000000000000000000000000000000000000000000000000000000000000000000000000000000242421407490063,0.00000000000000000000000000000000000000000000000000000000000000000000000000000000000000000000000000000000000000000000000000000000000000000000000000000785404271893654,"TCIM","56892","UP"
"ENSG00000221869",346.802251936305,-1.19288017552457,0.120402751090004,-9.90741627351079,0.0000000000000000000000386512149899767,0.00000000000000000000111267767249007,"CEBPD","1052","DOWN"
"ENSG00000019549",26.1083708169853,2.22991203810826,0.208436987540677,10.6982549710525,0.0000000000000000000000000103712926314138,0.000000000000000000000000351502231648003,"SNAI2","6591","UP"
"ENSG00000164684",287.90398750956,1.16588956420457,0.0831042252545075,14.029245331799,0.0000000000000000000000000000000000000000000103244371312835,0.000000000000000000000000000000000000000000642839139297995,"ZNF704","619279","UP"
"ENSG00000272425",2.55081682233357,2.10102637636209,0.811657511345873,2.58856272133577,0.00963773936025952,0.0375510370712109,NA,NA,"UP"
"ENSG00000170323",1265.13739435904,1.08169369074104,0.0746161812187803,14.4967709828171,0.0000000000000000000000000000000000000000000000126984466012948,0.000000000000000000000000000000000000000000000870002891698027,"FABP4","2167","UP"
"ENSG00000253374",2.7294603099241,2.21500662416439,0.699713483982076,3.16559088093997,0.00154768305844371,0.00752198364153356,NA,NA,"UP"
"ENSG00000156466",38.6323286734451,1.1653183205272,0.18661744033386,6.24442344961132,0.000000000425366186877491,0.00000000519544706847492,"GDF6","392255","UP"
"ENSG00000132561",42.5334920752788,1.63587510541948,0.205018558673172,7.97915620910834,0.00000000000000147337015505783,0.0000000000000277472615900792,"MATN2","4147","UP"
"ENSG00000164929",41.0492405705892,-1.75893107514506,0.199783000420962,-8.80420792279034,0.00000000000000000131779893916685,0.0000000000000000305700567016679,"BAALC","79870","DOWN"
"ENSG00000205038",12.022413237943,-1.23464347165493,0.331434796707537,-3.72514740129836,0.000195201126498504,0.00116420266240839,"PKHD1L1","93035","DOWN"
"ENSG00000147642",37.6283936921403,-1.15647215813974,0.166613283419516,-6.94105616553902,0.00000000000389179232029137,0.0000000000570050652891721,"SYBU","55638","DOWN"
"ENSG00000136999",16.3028091293083,-1.44733339888675,0.319331570933543,-4.53238430091824,0.00000583216214581597,0.0000450067740885233,"CCN3","4856","DOWN"
"ENSG00000136960",12.7547490063241,-1.15740571761163,0.320995417055412,-3.60567676706685,0.000311340474741383,0.00177438079149718,"ENPP2","5168","DOWN"
"ENSG00000172164",85.1954110023544,1.75539728041523,0.123323646754851,14.2340688635709,0.000000000000000000000000000000000000000000000563079284979344,0.0000000000000000000000000000000000000000000362399344524585,"SNTB1","6641","UP"
"ENSG00000272502",3.44803066247756,1.59840662171071,0.64218303244512,2.48902032746763,0.0128095641572273,0.0479355557684807,NA,NA,"UP"
"ENSG00000156804",417.845575879422,1.71676376266011,0.0794610138796758,21.6051076979679,0.000000000000000000000000000000000000000000000000000000000000000000000000000000000000000000000000000000160813186325587,0.0000000000000000000000000000000000000000000000000000000000000000000000000000000000000000000000000000313667760878938,"FBXO32","114907","UP"
"ENSG00000168672",530.207076756209,1.40928973947988,0.0595069704080508,23.6827674105421,0.000000000000000000000000000000000000000000000000000000000000000000000000000000000000000000000000000000000000000000000000000542762331165395,0.000000000000000000000000000000000000000000000000000000000000000000000000000000000000000000000000000000000000000000000000134738986496448,"LRATD2","157638","UP"
"ENSG00000165071",79.9250475102132,-1.23554309241989,0.139663029201964,-8.84660099011021,0.000000000000000000902252804555196,0.0000000000000000210838170648809,"TMEM71","137835","DOWN"
"ENSG00000198576",7.45657203769361,-1.27975190396944,0.443658127740744,-2.88454515752109,0.00391979537075898,0.0172008467658535,"ARC","23237","DOWN"
"ENSG00000277494",104.57975867289,-1.59900040269077,0.153906109123362,-10.3894537507221,0.000000000000000000000000276934587160972,0.00000000000000000000000883740339496156,"GPIHBP1","338328","DOWN"
"ENSG00000236404",6.16540805958917,-1.33040190104566,0.47425899804282,-2.80522226575772,0.00502818935152626,0.0214062003239253,"VLDLR-AS1","401491","DOWN"
"ENSG00000137033",95.5869739748074,-1.75775278395914,0.129183234008631,-13.606663414555,0.00000000000000000000000000000000000000000365555550755169,0.000000000000000000000000000000000000000207964117639436,"IL33","90865","DOWN"
"ENSG00000165272",46.9819856667526,-1.72601170100907,0.185714870941574,-9.29387987218361,0.0000000000000000000148764298660425,0.000000000000000000384794258307715,"AQP3","360","DOWN"
"ENSG00000234373",8.89485278712305,-1.67124815693231,0.464722595650883,-3.59622745391061,0.000322865519277182,0.00183187129741268,NA,NA,"DOWN"
"ENSG00000083067",3.99065272565204,-1.79436779098899,0.610086483231359,-2.94116955597019,0.00326975500487338,0.0146923758622836,"TRPM3","80036","DOWN"
"ENSG00000165091",14.6004007762908,-2.05107570006077,0.328785424738551,-6.2383413184808,0.000000000442234908281946,0.00000000538771209165672,"TMC1","117531","DOWN"
"ENSG00000165244",108.875773127327,-1.05660974555229,0.13334714661046,-7.92375219425517,0.00000000000000230448663832062,0.0000000000000427672447490278,"ZNF367","195828","DOWN"
"ENSG00000136842",49.7396281833525,-1.10913381776207,0.263542065013667,-4.20856464680336,0.0000256998005141295,0.000179813941005705,"TMOD1","7111","DOWN"
"ENSG00000136928",365.296612915652,-1.1460972657086,0.0744806453208424,-15.3878535929908,0.0000000000000000000000000000000000000000000000000000197474933431679,0.00000000000000000000000000000000000000000000000000158602241703636,"GABBR2","9568","DOWN"
"ENSG00000148123",4.88193228629621,-1.63430649991737,0.53228866431458,-3.07033872686702,0.00213816125080621,0.0100469400956639,"PLPPR1","54886","DOWN"
"ENSG00000182752",151.309622458138,1.56027984598831,0.168580265653398,9.2554121915803,0.0000000000000000000213405400286187,0.000000000000000000549763372839685,"PAPPA","5069","UP"
"ENSG00000224020",7.17753800123938,1.75743305976622,0.402274416394518,4.36874180445686,0.0000124964402620447,0.0000913808169888996,"MIR181A2HG","100379345","UP"
"ENSG00000185585",6.3904792270251,2.65340299203743,0.410571592341342,6.46270477922262,0.000000000102847823257274,0.00000000133374229414029,"OLFML2A","169611","UP"
"ENSG00000106991",11105.9891690706,1.41826907416295,0.0242595362120387,58.4623325758035,0,0,"ENG","2022","UP"
"ENSG00000225032",119.318545088402,1.19828247012099,0.101837003419776,11.7666705606176,0.0000000000000000000000000000000579674168529421,0.00000000000000000000000000000241931697193011,"LOC102723566","102723566","UP"
"ENSG00000130707",37.2427839938394,1.28230511040693,0.201157023441729,6.3746474692612,0.000000000183384284752894,0.00000000231684772177897,"ASS1","445","UP"
"ENSG00000126878",97.280764275157,-1.23260633085726,0.127801238272727,-9.64471352168661,0.000000000000000000000517555017531351,0.0000000000000000000141937792828002,"AIF1L","83543","DOWN"
"ENSG00000167244",705.094551395984,1.98592179186577,0.060334684754625,32.9150935310644,0.00000000000000000000000000000000000000000000000000000000000000000000000000000000000000000000000000000000000000000000000000000000000000000000000000000000000000000000000000000000000000000000000000000000000000000000000000000000000000000000133687177445499,0.000000000000000000000000000000000000000000000000000000000000000000000000000000000000000000000000000000000000000000000000000000000000000000000000000000000000000000000000000000000000000000000000000000000000000000000000000000000000000000982857844950271,"IGF2","3481","UP"
"ENSG00000133800",3642.52109221678,-1.94301914788049,0.126734019420288,-15.3314726130232,0.0000000000000000000000000000000000000000000000000000471182153492543,0.00000000000000000000000000000000000000000000000000376847149121756,"LYVE1","10894","DOWN"
"ENSG00000166689",78.4986463810206,-1.08461352668568,0.130449065085062,-8.31445994632803,0.0000000000000000921710252434253,0.00000000000000188030858861054,"PLEKHA7","144100","DOWN"
"ENSG00000260196",87.4928970386868,-1.06734640181745,0.145512868718546,-7.33506535344267,0.000000000000221613318095464,0.00000000000357781974273209,NA,NA,"DOWN"
"ENSG00000175264",2378.63751596151,1.15546909408997,0.0779454060621289,14.8240820397929,0.00000000000000000000000000000000000000000000000010236975354827,0.00000000000000000000000000000000000000000000000744029596606536,"CHST1","8534","UP"
"ENSG00000255091",12.9949627114079,1.09983872419572,0.288163900163574,3.8167123764337,0.000135241669433396,0.000830168436486627,NA,NA,"UP"
"ENSG00000254477",15.4048980365825,-1.01186906038316,0.316696355721689,-3.19507642605268,0.00139793816509072,0.00687637365561221,NA,NA,"DOWN"
"ENSG00000172927",305.438974283109,-1.7866568651227,0.119691400460978,-14.9271949216201,0.0000000000000000000000000000000000000000000000000219298984670821,0.00000000000000000000000000000000000000000000000164388238901284,"MYEOV","26579","DOWN"
"ENSG00000175567",503.490305750757,-1.18894776034778,0.0597342912753448,-19.9039401818183,0.000000000000000000000000000000000000000000000000000000000000000000000000000000000000000376163342194658,0.0000000000000000000000000000000000000000000000000000000000000000000000000000000000000548882617255793,"UCP2","7351","DOWN"
"ENSG00000182103",2.15491939497262,3.73476464236255,1.05153986344231,3.55170999427112,0.000382736448092664,0.00214734581898775,"FAM181B","220382","UP"
"ENSG00000149212",868.566332052469,-1.23829507255254,0.0623862737285829,-19.8488385111739,0.00000000000000000000000000000000000000000000000000000000000000000000000000000000000000112777741846617,0.000000000000000000000000000000000000000000000000000000000000000000000000000000000000162086205669029,"SESN3","143686","DOWN"
"ENSG00000196611",711.161239562398,-1.27675940041005,0.1170535707524,-10.9074793037347,0.00000000000000000000000000106159181539801,0.000000000000000000000000037233628534556,"MMP1","4312","DOWN"
"ENSG00000110675",58.2606054614858,-1.9910830948021,0.165465876247647,-12.0331946378003,0.00000000000000000000000000000000237778706640071,0.000000000000000000000000000000105211573551504,"ELMOD1","55531","DOWN"
"ENSG00000149591",171.942770016424,1.61880119651179,0.0975792787755257,16.5895999317204,0.0000000000000000000000000000000000000000000000000000000000000828705269954462,0.00000000000000000000000000000000000000000000000000000000000761572174768247,"TAGLN","6876","UP"
"ENSG00000118094",3.80334080492955,2.57425875904748,0.85332479475355,3.01673966920292,0.0025550914247808,0.0118286685843267,"TREH","11181","UP"
"ENSG00000151715",49.7887396962719,-1.44648220278212,0.191610737909146,-7.54906650100156,0.0000000000000438389000575863,0.000000000000744871621867345,"TMEM45B","120224","DOWN"
"ENSG00000077943",3.47278053117113,3.77652703328492,0.68603275079201,5.5048786357867,0.0000000369422672861472,0.000000374020889393381,"ITGA8","8516","UP"
"ENSG00000151023",28.6205603394885,2.54043273006248,0.394956704270787,6.43218029366766,0.000000000125786409185791,0.00000000161803984628963,"ENKUR","219670","UP"
"ENSG00000107551",766.108549106988,-1.06879731882416,0.0943194054737791,-11.3316799809694,0.00000000000000000000000000000914339591909744,0.000000000000000000000000000354515239337824,"RASSF4","83937","DOWN"
"ENSG00000165449",84.5080750732764,-1.11661887533509,0.148254470390297,-7.53177204299786,0.0000000000000500562918078335,0.000000000000846000015832659,"SLC16A9","220963","DOWN"
"ENSG00000138311",42.7090187477834,4.10735686289256,0.269060803403384,15.2655340760828,0.000000000000000000000000000000000000000000000000000129761047041889,0.0000000000000000000000000000000000000000000000000102920432124718,"ZNF365","22891","UP"
"ENSG00000138347",18.7989685763368,-1.73544081101563,0.390430802625087,-4.44493825627301,0.00000879171133083149,0.0000658775233590137,"MYPN","84665","DOWN"
"ENSG00000099282",1328.62796925276,1.08341610847279,0.0618657082282308,17.5123851241778,0.0000000000000000000000000000000000000000000000000000000000000000000115261782319791,0.00000000000000000000000000000000000000000000000000000000000000000119093457786097,"TSPAN15","23555","UP"
"ENSG00000107731",241.878510902364,-1.12369413018482,0.0934677334021811,-12.0222678916337,0.0000000000000000000000000000000027141817703731,0.000000000000000000000000000000119542821522308,"UNC5B","219699","DOWN"
"ENSG00000107742",10.9908621710613,1.41684124294301,0.312802598338845,4.52950599025462,0.0000059121758192129,0.0000455323290831001,"SPOCK2","9806","UP"
"ENSG00000237523",2.30433117244175,-3.49725276401005,1.05977543544159,-3.2999941752309,0.000966868352093061,0.00495089433438491,"LINC00857","439990","DOWN"
"ENSG00000185737",89.5164389395352,1.01490930779244,0.109938250147218,9.2316305419941,0.000000000000000000026654301809664,0.000000000000000000682057535598029,"NRG3","10718","UP"
"ENSG00000270002",11.3100698795429,1.24982633756021,0.381019386257902,3.28021718221508,0.00103727203936512,0.00526346032186468,NA,NA,"UP"
"ENSG00000138134",5.10619904502109,-1.47287624059186,0.549472355620777,-2.68052837513154,0.00735060322727418,0.0297746939371362,"STAMBPL1","57559","DOWN"
"ENSG00000166033",3470.88101231326,1.58402891153399,0.0547470961115018,28.9335695231734,0.000000000000000000000000000000000000000000000000000000000000000000000000000000000000000000000000000000000000000000000000000000000000000000000000000000000000000000000000000000000000000451745871841805,0.000000000000000000000000000000000000000000000000000000000000000000000000000000000000000000000000000000000000000000000000000000000000000000000000000000000000000000000000000000000000215878058506402,"HTRA1","5654","UP"
"ENSG00000148848",77.2050082650359,1.82781088343776,0.159462813890452,11.4623017043549,0.00000000000000000000000000000204019650520597,0.0000000000000000000000000000809094526908967,"ADAM12","8038","UP"
"ENSG00000132334",1328.87336713821,1.22669891550939,0.0386348357102429,31.7511099234251,0.0000000000000000000000000000000000000000000000000000000000000000000000000000000000000000000000000000000000000000000000000000000000000000000000000000000000000000000000000000000000000000000000000000000000000000000000000000306518015752071,0.0000000000000000000000000000000000000000000000000000000000000000000000000000000000000000000000000000000000000000000000000000000000000000000000000000000000000000000000000000000000000000000000000000000000000000000000000195303062370028,"PTPRE","5791","UP"
"ENSG00000260423",2.63241876109274,-1.92721412840031,0.688892371332386,-2.79755475397832,0.00514910389723833,0.0218625324290783,"LINC02367","101930452","DOWN"
"ENSG00000013588",251.107863938993,-1.02022858924202,0.0777125022079604,-13.1282426926862,0.00000000000000000000000000000000000000226860036258268,0.000000000000000000000000000000000000117200799812887,"GPRC5A","9052","DOWN"
"ENSG00000111341",1018.19889837613,2.43708349409434,0.0518226120715824,47.027415189493,0,0,"MGP","4256","UP"
"ENSG00000123095",19.1767045206955,-1.22800224166204,0.378477578513937,-3.24458385747367,0.00117622378714805,0.00588419724976054,"BHLHE41","79365","DOWN"
"ENSG00000205693",4.76338055598879,2.66761872691205,0.525435597409176,5.07696612118702,0.000000383509221743483,0.00000345465540698713,"MANSC4","100287284","UP"
"ENSG00000177359",8.41818056652878,-1.30276168974312,0.443229989599918,-2.9392453586434,0.00329012502192641,0.0147596197592404,"OVOS2","144203","DOWN"
"ENSG00000177875",7.85516705469266,1.28313190902126,0.458950519562431,2.79579574339433,0.00517721093685805,0.0219526146978797,"CCDC184","387856","UP"
"ENSG00000185432",210.778091303305,-1.23370968564084,0.0770960028016901,-16.0022522674002,0.00000000000000000000000000000000000000000000000000000000123234999859275,0.000000000000000000000000000000000000000000000000000000105633947188791,"TMT1A","25840","DOWN"
"ENSG00000135480",590.246427807606,1.31264739787076,0.0614988641024432,21.3442543537746,0.0000000000000000000000000000000000000000000000000000000000000000000000000000000000000000000000000000440940779257747,0.0000000000000000000000000000000000000000000000000000000000000000000000000000000000000000000000000082633166622665,"KRT7","3855","UP"
"ENSG00000258137",4.43917582238213,1.70918676159125,0.586616821720565,2.91363407646265,0.00357248390475989,0.0158588086018312,"GPR84-AS1","102724050","UP"
"ENSG00000257477",4.8944635878262,1.36557778317718,0.518657871292662,2.63290669776923,0.00846575999322689,0.033587173572132,NA,NA,"UP"
"ENSG00000257390",4.910507285785,1.58114281143744,0.545826227296586,2.89678790128621,0.00377004543790466,0.0166392100082077,NA,NA,"UP"
"ENSG00000139547",2.21933774399283,3.0336109996995,1.00404209966975,3.02139820700478,0.00251610224133731,0.0116566394433259,"RDH16","8608","UP"
"ENSG00000111110",127.091199234202,-1.07060712754984,0.133888626286894,-7.9962514908157,0.00000000000000128264264176082,0.0000000000000243148333544683,"PPM1H","57460","DOWN"
"ENSG00000197301",9.457529814004,-1.24676903296586,0.453706683564791,-2.74796267749451,0.00599668347492768,0.0249860034424055,"HMGA2-AS1","100129940","DOWN"
"ENSG00000279530",2.19368564552414,-2.32521876456032,0.912173073614836,-2.54909822688116,0.0108001875773062,0.0415216382824233,NA,NA,"DOWN"
"ENSG00000265917",5.18983642372229,1.23945608856379,0.489740237948075,2.53084388931751,0.0113788480203615,0.0433712223148972,"MIR3685","100500802","UP"
"ENSG00000183395",10.4712367810267,-1.50678921125618,0.475711861385729,-3.1674409102749,0.00153786959512636,0.0074879378388528,"PMCH","5367","DOWN"
"ENSG00000257732",42.1408264382855,-1.50102873103691,0.237314959048482,-6.32504894362878,0.000000000253152330421632,0.00000000316688926440413,"LOC124903002","124903002","DOWN"
"ENSG00000135114",277.192291910916,1.36171602064011,0.452271064701706,3.01084046032931,0.00260525697909938,0.0120434068090652,"OASL","8638","UP"
"ENSG00000276672",8.01727284784694,-1.2766795638418,0.403491721887244,-3.16407870245865,0.00155574719358677,0.00755157633453812,NA,NA,"DOWN"
"ENSG00000133110",8.82350728816841,2.61155376356016,0.415243428030352,6.28921154983161,0.000000000319082399529087,0.00000000396313194736745,"POSTN","10631","UP"
"ENSG00000102760",1792.5813165281,1.18647199028992,0.0979580880778644,12.1120370310497,0.000000000000000000000000000000000912006932585758,0.0000000000000000000000000000000408267272046294,"RGCC","28984","UP"
"ENSG00000120659",18.4500627245159,-1.35364493877528,0.316171353452874,-4.28136491175518,0.0000185750470425799,0.000132634301165078,"TNFSF11","8600","DOWN"
"ENSG00000136160",153.743810534022,-1.00169121839685,0.0966307720593029,-10.3661721525116,0.000000000000000000000000353398726273746,0.0000000000000000000000111656473598721,"EDNRB","1910","DOWN"
"ENSG00000102452",129.191838689361,-1.23328794803835,0.103149640082206,-11.9562990918385,0.00000000000000000000000000000000601849651533387,0.00000000000000000000000000000026086975258641,"NALCN","259232","DOWN"
"ENSG00000233532",6.03153790243164,-1.31793289158008,0.49362050492984,-2.6699314117176,0.0075866742567708,0.0305496689315723,"LINC00460","728192","DOWN"
"ENSG00000187498",34811.8446292989,1.63341830939476,0.0278183212737866,58.7173572883403,0,0,"COL4A1","1282","UP"
"ENSG00000134871",33943.0971002127,1.47968373785636,0.0261558655416705,56.5717749045231,0,0,"COL4A2","1284","UP"
"ENSG00000275611",3.95210399773939,2.02893061225546,0.793854188782694,2.55579757709239,0.0105944730060145,0.0408046245234672,NA,NA,"UP"
"ENSG00000232814",10.7489963900711,2.23719470541642,0.413445305038739,5.41110197201731,0.0000000626380888436721,0.000000618773678680513,"COL4A2-AS1","100874203","UP"
"ENSG00000272695",29.1988833809657,1.17337329542634,0.211159551074509,5.55680900748036,0.0000000274751109692103,0.000000282055180545894,"GAS6-DT","100506394","UP"
"ENSG00000182545",3.20024942204534,2.89903343266795,0.737907345799661,3.92872282566357,0.0000853981995912977,0.000545037257157815,"RNASE10","338879","UP"
"ENSG00000235213",3.76675976027262,-1.94970255064663,0.683281515923912,-2.85343962218896,0.00432487454373636,0.0187630451437859,"OR6E1P","79323","DOWN"
"ENSG00000129465",38.1415283668289,1.12085096564113,0.201816929165556,5.55380051750594,0.000000027952445957978,0.000000286340302511655,"RIPK3","11035","UP"
"ENSG00000258791",32.3588380487079,-1.40140910151318,0.261563197490144,-5.35782218202154,0.0000000842310773757032,0.000000821048977071172,"LINC00520","645687","DOWN"
"ENSG00000139971",30.2024342227268,1.45390473770544,0.202822560385604,7.16835807092311,0.000000000000759025661539402,0.0000000000117861702033515,"ARMH4","145407","UP"
"ENSG00000140009",11.3105318578677,-1.8398513368838,0.362432596409738,-5.07639587363111,0.000000384661440990112,0.00000346177186653766,"ESR2","2100","DOWN"
"ENSG00000119681",16413.6503947508,1.01001005410386,0.0339466945619017,29.7528247488752,0.000000000000000000000000000000000000000000000000000000000000000000000000000000000000000000000000000000000000000000000000000000000000000000000000000000000000000000000000000000000000000000000000015942060945953,0.00000000000000000000000000000000000000000000000000000000000000000000000000000000000000000000000000000000000000000000000000000000000000000000000000000000000000000000000000000000000000000000000781365371748441,"LTBP2","4053","UP"
"ENSG00000211448",45.1993048904849,2.42801768204822,0.229974110859648,10.557787017731,0.000000000000000000000000046755442484541,0.00000000000000000000000155702139911499,"DIO2","1734","UP"
"ENSG00000140092",32.8323958246635,1.69605071133041,0.218084136496177,7.77704760456129,0.00000000000000742366767231081,0.000000000000133242636203024,"FBLN5","10516","UP"
"ENSG00000258521",4.36823331684568,-1.74852788689178,0.68859387544712,-2.53927307406912,0.0111083081999648,0.0425180839492046,NA,NA,"DOWN"
"ENSG00000184916",2639.6895879588,1.01402945562293,0.0309733939278107,32.7387259525487,0.000000000000000000000000000000000000000000000000000000000000000000000000000000000000000000000000000000000000000000000000000000000000000000000000000000000000000000000000000000000000000000000000000000000000000000000000000000000000000000439350591911462,0.00000000000000000000000000000000000000000000000000000000000000000000000000000000000000000000000000000000000000000000000000000000000000000000000000000000000000000000000000000000000000000000000000000000000000000000000000000000000000031104394682917,"JAG2","3714","UP"
"ENSG00000259450",3.5382591737011,1.80133646076646,0.702642515808107,2.56365992697545,0.0103574971851896,0.0400371200596357,NA,NA,"UP"
"ENSG00000258461",5.76755298658985,-1.28871606751642,0.512798165731528,-2.5131058448269,0.0119673423680903,0.045199713370094,NA,NA,"DOWN"
"ENSG00000259479",7.9277644967135,-1.04741415723052,0.412132808039658,-2.54144813710082,0.0110394322787655,0.0422798533377284,NA,NA,"DOWN"
"ENSG00000256061",21.6127355793835,1.04833967854169,0.228691324290618,4.5840815421991,0.00000455986278469932,0.0000357396546070055,"DNAAF4","161582","UP"
"ENSG00000259727",4.1881456828908,1.86599242303076,0.613730768967157,3.0404087873434,0.00236257241226295,0.011006719878237,NA,NA,"UP"
"ENSG00000140416",6012.27784320319,1.10030187714782,0.0285067190280462,38.597983726759,0,0,"TPM1","7168","UP"
"ENSG00000259498",14.5608948202423,1.45357728373033,0.364296293377721,3.99009627644822,0.0000660464806838436,0.000428685391603284,NA,NA,"UP"
"ENSG00000137834",156.698020942032,1.82707317017943,0.103027565919775,17.7338283581516,0.000000000000000000000000000000000000000000000000000000000000000000000229837451672151,0.0000000000000000000000000000000000000000000000000000000000000000000251048165069324,"SMAD6","4091","UP"
"ENSG00000138623",131.214526883616,1.46650839180298,0.200708169346233,7.30667015986365,0.000000000000273843658029717,0.00000000000438769616365301,"SEMA7A","8482","UP"
"ENSG00000140379",26.0721967640785,-1.43753670217535,0.393538104939841,-3.65285263137377,0.000259343085250324,0.00150475895291986,"BCL2A1","597","DOWN"
"ENSG00000140511",908.362212857865,1.37098999675782,0.0506001154013252,27.0946021740084,0.000000000000000000000000000000000000000000000000000000000000000000000000000000000000000000000000000000000000000000000000000000000000000000000000000000000000000011399484446245,0.00000000000000000000000000000000000000000000000000000000000000000000000000000000000000000000000000000000000000000000000000000000000000000000000000000000000000396183900345407,"HAPLN3","145864","UP"
"ENSG00000166823",12.392018702632,-1.0224243643691,0.371294577628547,-2.75367437601516,0.00589303677362861,0.024611185913898,"MESP1","55897","DOWN"
"ENSG00000258647",2.19304247712113,2.04159277113207,0.77745421206472,2.62599744068544,0.00863954669864382,0.0341561396369342,NA,NA,"UP"
"ENSG00000260807",17.4026563214777,1.08033977360226,0.247391512601344,4.36692335255317,0.0000126008921450822,0.0000920741794163786,"CEROX1","115804232","UP"
"ENSG00000005513",10.9059907883816,1.33828702265194,0.362696108352736,3.6898301135076,0.00022440386047782,0.00132024616590752,"SOX8","30812","UP"
"ENSG00000131634",361.664127701615,1.05313433731668,0.0658145043333689,16.0015538821391,0.00000000000000000000000000000000000000000000000000000000124625333368258,0.000000000000000000000000000000000000000000000000000000106348805684565,"TMEM204","79652","UP"
"ENSG00000167984",162.728785514272,2.26867533993963,0.108486562616417,20.9120400280459,0.000000000000000000000000000000000000000000000000000000000000000000000000000000000000000000000000416058116338086,0.0000000000000000000000000000000000000000000000000000000000000000000000000000000000000000000000729628522367204,"NLRC3","197358","UP"
"ENSG00000262312",3.55253117175182,1.61869900071506,0.617453987121418,2.62157024568173,0.00875257227193675,0.034538690953359,NA,NA,"UP"
"ENSG00000118898",86.2980287448789,-1.68115372190931,0.131213021396828,-12.8124000500301,0.00000000000000000000000000000000000013974435104677,0.00000000000000000000000000000000000699270489596601,"PPL","5493","DOWN"
"ENSG00000185338",38.1185634713632,-1.65479182725458,0.288353915274467,-5.73875276040375,0.00000000953763365472589,0.000000102768809081221,"SOCS1","8651","DOWN"
"ENSG00000168447",5.77107836705635,-1.85239932372037,0.514871230444568,-3.59779147520228,0.000320930752376001,0.00182305834522058,"SCNN1B","6338","DOWN"
"ENSG00000274092",48.6720430798503,1.1735309989803,0.193567530085774,6.06264386625322,0.00000000133901941158375,0.0000000155217441191167,NA,NA,"UP"
"ENSG00000087245",17017.5500801297,1.3571291339824,0.034416724337128,39.4322574306806,0,0,"MMP2","4313","UP"
"ENSG00000279030",4.27481962528665,1.92492777700061,0.563440102058542,3.4163840485756,0.000634586820486125,0.00339589223784778,NA,NA,"UP"
"ENSG00000261114",5.50084266055017,1.35632604664198,0.527497210601148,2.5712478082989,0.0101332788984497,0.0392259267201025,NA,NA,"UP"
"ENSG00000087237",43.4007946194088,-1.06308516676616,0.19929639540034,-5.33419164270717,0.0000000959711236734305,0.000000929796264073808,"CETP","1071","DOWN"
"ENSG00000140853",903.688245943754,-1.27907274576537,0.086280443405892,-14.8245963427446,0.000000000000000000000000000000000000000000000000101588740555918,0.00000000000000000000000000000000000000000000000741171288445179,"NLRC5","84166","DOWN"
"ENSG00000006210",1024.77031783746,1.41346955781413,0.234926368780608,6.01664923844344,0.00000000178064337021753,0.0000000204672267117908,"CX3CL1","6376","UP"
"ENSG00000246777",3.0248488430888,1.82010871664046,0.728818152258865,2.49734273357394,0.0125127953776757,0.0469813560487667,"DYNC1LI2-DT","106699570","UP"
"ENSG00000179044",389.8828078082,2.0783570402502,0.0697360603548639,29.8031897654402,0.00000000000000000000000000000000000000000000000000000000000000000000000000000000000000000000000000000000000000000000000000000000000000000000000000000000000000000000000000000000000000000000000000355197424339913,0.00000000000000000000000000000000000000000000000000000000000000000000000000000000000000000000000000000000000000000000000000000000000000000000000000000000000000000000000000000000000000000000000183502669358309,"EXOC3L1","283849","UP"
"ENSG00000159708",19.589745117144,1.92966742426829,0.245889441162819,7.84770348471586,0.00000000000000423724568074766,0.000000000000077138048749992,"LRRC36","55282","UP"
"ENSG00000159713",15.5227456197673,1.97646851489177,0.266128685437872,7.42673985571984,0.000000000000111306965827393,0.00000000000184051267455936,"TPPP3","51673","UP"
"ENSG00000102981",79.0383029017592,-1.42022354120338,0.139411981434799,-10.1872416315063,0.00000000000000000000000226088140806739,0.0000000000000000000000692576091589873,"PARD6A","50855","DOWN"
"ENSG00000271009",5.67989659506395,1.2501114602031,0.471110249433885,2.65354333026147,0.00796515433206708,0.0318123537520815,NA,NA,"UP"
"ENSG00000178573",67.9541736504011,3.20642943136168,0.238506459909452,13.4437844265476,0.0000000000000000000000000000000000000000334863333497392,0.00000000000000000000000000000000000000184464340628318,"MAF","4094","UP"
"ENSG00000135697",2.81926070017349,-3.07075954813365,1.03466454848894,-2.96787935047964,0.00299862006676964,0.013611641552197,"BCO1","53630","DOWN"
"ENSG00000086696",10.8987571929596,1.83601250855388,0.396732070179353,4.62783991151477,0.0000036949945914662,0.0000293923519000735,"HSD17B2","3294","UP"
"ENSG00000259803",5.43694809602136,1.32580259517289,0.497425608913507,2.66532838562284,0.00769131768210864,0.0308929475716551,"SLC22A31","146429","UP"
"ENSG00000091622",49.8487647875038,-1.25739873912556,0.173231696166527,-7.25847963710304,0.000000000000391465305687392,0.00000000000618929637569438,"PITPNM3","83394","DOWN"
"ENSG00000279296",7.61171763954854,-2.45943157633634,0.950789098866411,-2.58672672969077,0.00968924013521015,0.0377416284863274,NA,NA,"DOWN"
"ENSG00000227158",5.0602568321558,2.01983482135851,0.675614517528903,2.989626138802,0.00279319092166277,0.0127854033686743,"LOC644909","644909","UP"
"ENSG00000108551",241.011620462642,2.22822930822406,0.103539255759527,21.5206231866221,0.000000000000000000000000000000000000000000000000000000000000000000000000000000000000000000000000000000998119385347669,0.000000000000000000000000000000000000000000000000000000000000000000000000000000000000000000000000000190790520509207,"RASD1","51655","UP"
"ENSG00000262319",9.22025959457317,1.09781008958,0.353103324596703,3.10903356923603,0.00187700390847003,0.00896973242760115,NA,NA,"UP"
"ENSG00000108602",30.7748290055525,-1.01779146007191,0.235900112097915,-4.31450180765263,0.000015996322518234,0.000115341269308202,"ALDH3A1","218","DOWN"
"ENSG00000271447",16.436572250831,2.11953195728112,0.242136131310892,8.75347246115753,0.00000000000000000206886387907402,0.0000000000000000474745894939974,"MMP28","79148","UP"
"ENSG00000267765",11.9431038865979,-1.38941370836438,0.438292729423364,-3.17005876458947,0.00152408111099998,0.00742804957592162,NA,NA,"DOWN"
"ENSG00000214578",6.03859935763205,1.20596443628698,0.389470650868941,3.09641929012206,0.00195873176526845,0.00930446264739225,NA,NA,"UP"
"ENSG00000167083",61.3071588700012,1.14776354738378,0.155142613633456,7.39811919177488,0.000000000000138126846345101,0.00000000000227415561402809,"GNGT2","2793","UP"
"ENSG00000231749",5.11975238684435,-2.52675576052166,0.570935707203826,-4.42563975004561,0.00000961568811640986,0.0000716305059801927,"ABCA9-AS1","104355297","DOWN"
"ENSG00000154258",18.9442658695698,-1.10692224216167,0.254382703017997,-4.35140530008188,0.0000135267743676471,0.0000986133836909129,"ABCA9","10350","DOWN"
"ENSG00000196169",194.05184576378,-1.60517734733205,0.101161274292668,-15.8675081799399,0.0000000000000000000000000000000000000000000000000000000106381271623274,0.000000000000000000000000000000000000000000000000000000891876318894251,"KIF19","124602","DOWN"
"ENSG00000170190",228.570107785014,1.05740646288245,0.0755592639778987,13.9943986642293,0.0000000000000000000000000000000000000000000168650116966753,0.00000000000000000000000000000000000000000103325223904471,"SLC16A5","9121","UP"
"ENSG00000167281",5.72167981137495,-1.34078832492025,0.529832589159011,-2.53058862809561,0.0113871312561801,0.0433854921191714,"RBFOX3","146713","DOWN"
"ENSG00000262223",2.28929331912442,-2.58933142387706,1.00544585521314,-2.57530667658692,0.0100151242803027,0.0388708833742103,"LINC03048","100130370","DOWN"
"ENSG00000141574",116.581613997479,-1.03294169145287,0.204902401841048,-5.0411399874862,0.000000462766779055118,0.00000412006845907712,"SECTM1","6398","DOWN"
"ENSG00000176194",64.7588005906069,-1.59371682930792,0.163096070888205,-9.77164453213796,0.000000000000000000000149013339698977,0.00000000000000000000417040993901309,"CIDEA","1149","DOWN"
"ENSG00000168675",40.8382526341907,1.3653799561606,0.16989839861644,8.03644982695251,0.000000000000000924787911859582,0.0000000000000176068933617489,"LDLRAD4","753","UP"
"ENSG00000166960",12.5385123058015,-1.22552878123413,0.295048705330949,-4.15364907247936,0.0000327214872020569,0.000224311948295132,"CCDC178","374864","DOWN"
"ENSG00000141431",27.4654239852712,1.11172092147107,0.228714205256404,4.86074277819674,0.00000116946125696133,0.0000099271694486959,"ASXL3","80816","UP"
"ENSG00000267374",11.5965062718775,-1.2852228247879,0.381707538307886,-3.36703548084301,0.000759809119835386,0.00400213593983285,"MIR924HG","647946","DOWN"
"ENSG00000101665",53.544260377567,1.6499782695084,0.179237798897347,9.20552628775236,0.0000000000000000000340000958740586,0.000000000000000000865395249843715,"SMAD7","4092","UP"
"ENSG00000101670",4394.09564814336,1.33404509931617,0.0425335580388515,31.3645309921547,0.00000000000000000000000000000000000000000000000000000000000000000000000000000000000000000000000000000000000000000000000000000000000000000000000000000000000000000000000000000000000000000000000000000000000000000000000616565836873909,0.0000000000000000000000000000000000000000000000000000000000000000000000000000000000000000000000000000000000000000000000000000000000000000000000000000000000000000000000000000000000000000000000000000000000000000000038018245070467,"LIPG","9388","UP"
"ENSG00000041353",16.140040446188,-1.58667690772646,0.330617159661644,-4.79913658852516,0.00000159351095960214,0.0000133012934466353,"RAB27B","5874","DOWN"
"ENSG00000183287",29.9504121889581,-1.8309860517258,0.266577274339372,-6.8685001610258,0.000000000006488040025754,0.0000000000936698527887369,"CCBE1","147372","DOWN"
"ENSG00000267175",8.69265187545391,-1.41317468500073,0.417568465115793,-3.38429456019589,0.000713614001960251,0.00377336975033754,NA,NA,"DOWN"
"ENSG00000197632",257.761357413992,-1.80131118579158,0.174855693489941,-10.3017016480233,0.000000000000000000000000692257570025542,0.0000000000000000000000215162657740459,"SERPINB2","5055","DOWN"
"ENSG00000221887",18.3804290586964,-1.19210494325978,0.333480499004965,-3.57473659424395,0.000350580666701462,0.00197621629135902,"HMSD","284293","DOWN"
"ENSG00000196209",238.366936350911,1.8647277190709,0.0887102625464706,21.0204283646897,0.0000000000000000000000000000000000000000000000000000000000000000000000000000000000000000000000000426566545099844,0.00000000000000000000000000000000000000000000000000000000000000000000000000000000000000000000000769228255621087,"SIRPB2","284759","UP"
"ENSG00000088882",54.3735905758561,1.08823281549753,0.155846252993965,6.98273326815032,0.00000000000289491728853943,0.0000000000428631634162906,"CPXM1","56265","UP"
"ENSG00000101306",46.8074532308622,1.44417785684226,0.157722324517709,9.15645810609459,0.0000000000000000000536286051701482,0.00000000000000000134352658955096,"MYLK2","85366","UP"
"ENSG00000179772",2.08148994415767,4.5745727481967,0.982103375441683,4.65793404501778,0.0000031939849901116,0.00002556659258207,"FOXS1","2307","UP"
"ENSG00000197183",1872.33497112776,1.03534453368521,0.0370141681701656,27.971573720782,0.000000000000000000000000000000000000000000000000000000000000000000000000000000000000000000000000000000000000000000000000000000000000000000000000000000000000000000000000000360352890917812,0.000000000000000000000000000000000000000000000000000000000000000000000000000000000000000000000000000000000000000000000000000000000000000000000000000000000000000000000000143503031456124,"NOL4L","140688","UP"
"ENSG00000277301",2.86279500959841,1.91160817972337,0.673153325942399,2.839781229703,0.00451444823982155,0.0194705952401148,"LOC101929698","101929698","UP"
"ENSG00000149633",5.28335298675652,3.78221525686587,0.947426753346853,3.9920925216698,0.0000654928086803998,0.000425525165848349,"KIAA1755","85449","UP"
"ENSG00000124216",207.363211370707,2.22782110063951,0.104118704539836,21.3969344940049,0.0000000000000000000000000000000000000000000000000000000000000000000000000000000000000000000000000000142686550450986,0.00000000000000000000000000000000000000000000000000000000000000000000000000000000000000000000000000270044892264415,"SNAI1","6615","UP"
"ENSG00000124225",649.842263710766,1.64713134228641,0.0544876092624863,30.2294661957288,0.00000000000000000000000000000000000000000000000000000000000000000000000000000000000000000000000000000000000000000000000000000000000000000000000000000000000000000000000000000000000000000000000000000000971421833829778,0.00000000000000000000000000000000000000000000000000000000000000000000000000000000000000000000000000000000000000000000000000000000000000000000000000000000000000000000000000000000000000000000000000000530535095818749,"PMEPA1","56937","UP"
"ENSG00000278709",38.7490680092513,1.05108165263754,0.213115546674335,4.93198018182931,0.000000814001772156096,0.00000702149994348546,"NKILA","105416157","UP"
"ENSG00000101187",252.798237481939,-1.11316024547567,0.150654797102476,-7.38881381067804,0.000000000000148144438482187,0.00000000000242654750778664,"SLCO4A1","28231","DOWN"
"ENSG00000101188",102.384966742629,-1.99866951205662,0.130401478043732,-15.3270464571448,0.0000000000000000000000000000000000000000000000000000504405637914464,0.00000000000000000000000000000000000000000000000000401738073697291,"NTSR1","4923","DOWN"
"ENSG00000092758",13.9743354671642,-1.11013242005457,0.315730528727007,-3.51607563744472,0.000437976191453213,0.00242944321585606,"COL9A3","1299","DOWN"
"ENSG00000129951",17.6050228992959,1.13201654372113,0.268354112957194,4.21836852525417,0.0000246076390239319,0.000172678054310741,"PLPPR3","79948","UP"
"ENSG00000099617",14.8770275208264,2.11469468312348,0.30899870965182,6.84370069216898,0.00000000000771730795010205,0.000000000111165291233007,"EFNA2","1943","UP"
"ENSG00000099860",608.770871284417,1.01162380668067,0.0601280403529434,16.8244932105317,0.00000000000000000000000000000000000000000000000000000000000000161437155670476,0.000000000000000000000000000000000000000000000000000000000000152765902506988,"GADD45B","4616","UP"
"ENSG00000104953",16.9677306659977,1.02086370917071,0.251654515340888,4.05660795630018,0.0000497905537292675,0.000330467511991302,"TLE6","79816","UP"
"ENSG00000087903",119.590204368781,1.18667699189436,0.110794492717399,10.7106135222911,0.00000000000000000000000000907583298186812,0.000000000000000000000000308691365566564,"RFX2","5990","UP"
"ENSG00000167772",206.487702104064,1.45651797564033,0.169574035896037,8.58927469611737,0.00000000000000000875200459400442,0.000000000000000191851568594489,"ANGPTL4","51129","UP"
"ENSG00000105088",20.7541650671816,1.33004396413863,0.264537025720708,5.0278177904021,0.000000496092916348386,0.00000438816108098075,"OLFM2","93145","UP"
"ENSG00000102575",30.8970771246102,-2.59115923735103,0.23659733486436,-10.9517684923904,0.000000000000000000000000000651627803722413,0.0000000000000000000000000231092123713431,"ACP5","54","DOWN"
"ENSG00000127533",140.693899485891,2.04990617548615,0.119000939455808,17.2259663231264,0.00000000000000000000000000000000000000000000000000000000000000000169571909532727,0.000000000000000000000000000000000000000000000000000000000000000169705081189428,"F2RL3","9002","UP"
"ENSG00000130300",36.3138668016224,3.71701798484021,0.24465640752458,15.1928086513196,0.000000000000000000000000000000000000000000000000000394641480058599,0.0000000000000000000000000000000000000000000000000309162782431152,"PLVAP","83483","UP"
"ENSG00000105642",10.8574302171215,1.27445574224599,0.332121460498101,3.83731825198715,0.000124385229127857,0.000767470514776947,"KCNN1","3780","UP"
"ENSG00000277013",11.592201317004,1.50883122489862,0.303733013948528,4.96762339162219,0.000000677784307861519,0.00000588634577227303,NA,NA,"UP"
"ENSG00000267219",7.1814940531068,-1.1123810297172,0.431928218874244,-2.57538401315027,0.0100128849571065,0.0388700844750388,NA,NA,"DOWN"
"ENSG00000105290",146.68731797352,1.28327888837493,0.0863562863251145,14.8602834024571,0.0000000000000000000000000000000000000000000000000596722223343151,0.00000000000000000000000000000000000000000000000438705588430936,"APLP1","333","UP"
"ENSG00000270164",11.5157462134959,1.01251785146704,0.334006152010235,3.03143473667518,0.00243394530753855,0.0113116616955019,"LINC01480","101927931","UP"
"ENSG00000159871",10.0357927793512,-1.65369835225124,0.471875019538928,-3.50452616429469,0.000457420617823589,0.00252924359551573,"LYPD5","284348","DOWN"
"ENSG00000283632",5.18639642512657,3.11182001753704,0.526605231875001,5.90920831997295,0.0000000034375576276653,0.000000038614750821115,"EXOC3L2","90332","UP"
"ENSG00000124440",28.6389812258791,-2.92108210696748,0.291240803110707,-10.0297831751862,0.0000000000000000000000112763954721552,0.000000000000000000000333150385549067,"HIF3A","64344","DOWN"
"ENSG00000160013",69.6195033838502,-1.29712694242071,0.182737730097861,-7.09829842871561,0.00000000000126302227727481,0.0000000000192218716800223,"PTGIR","5739","DOWN"
"ENSG00000080031",42.179700182811,-1.49272056537944,0.227126582641988,-6.57219664918028,0.0000000000495783232535319,0.000000000665512393954538,"PTPRH","5794","DOWN"
"ENSG00000231274",11.7676936174144,-1.19379508175061,0.312945129105252,-3.8147105377988,0.00013634265451099,0.000836658054888469,"SBK3","100130827","DOWN"
"ENSG00000184113",5930.57343384557,-1.13501675491024,0.0369502250356556,-30.7174517561121,0.00000000000000000000000000000000000000000000000000000000000000000000000000000000000000000000000000000000000000000000000000000000000000000000000000000000000000000000000000000000000000000000000000000000000000332847329165991,0.00000000000000000000000000000000000000000000000000000000000000000000000000000000000000000000000000000000000000000000000000000000000000000000000000000000000000000000000000000000000000000000000000000000000192799293848725,"CLDN5","7122","DOWN"
"ENSG00000232926",14.4251223749734,1.00083961630325,0.314410795100277,3.18322281518369,0.00145645488358401,0.00713483728849521,"RPL8P5","100271044","UP"
"ENSG00000099937",70.3772067530679,-1.71789129213224,0.223554840883843,-7.68442895416809,0.0000000000000153680931340638,0.000000000000270498250697632,"SERPIND1","3053","DOWN"
"ENSG00000128284",1130.32287614021,-1.06167490893603,0.0758777880472629,-13.9919064097484,0.0000000000000000000000000000000000000000000174666262733415,0.00000000000000000000000000000000000000000106329478093924,"APOL3","80833","DOWN"
"ENSG00000100311",5194.67020570658,1.1476281481831,0.029582937651767,38.7935830339876,0,0,"PDGFB","5155","UP"
"ENSG00000075275",806.305890815775,1.22788924831699,0.0646520340600945,18.9922755899011,0.000000000000000000000000000000000000000000000000000000000000000000000000000000019757820941313,0.00000000000000000000000000000000000000000000000000000000000000000000000000000258678594036437,"CELSR1","9620","UP"
"ENSG00000275993",52.2929351246601,1.02059793777642,0.183710122914477,5.55548013133461,0.0000000276849706301183,0.000000283752393348371,"LOC102724428","102724428","UP"
"ENSG00000154734",202.439860280076,-1.65627167759382,0.104131742593434,-15.9055407731,0.0000000000000000000000000000000000000000000000000000000058000313158035,0.000000000000000000000000000000000000000000000000000000488403518068651,"ADAMTS1","9510","DOWN"
"ENSG00000235888",4.97120078478062,-1.53632232909303,0.547739800043043,-2.80483968660357,0.00503416113051675,0.0214220814803713,NA,NA,"DOWN"
"ENSG00000237721",2.40471612257512,-2.46370076246446,0.93659891242319,-2.63047578828628,0.00852654428801709,0.0337932602250563,NA,NA,"DOWN"
"ENSG00000237989",4.85924922223374,1.52059627187917,0.590350040435806,2.57575365076055,0.01000218805294,0.0388364461978365,"LINC01679","101928399","UP"
"ENSG00000160223",39.8905099361113,1.64532610999474,0.36305711507715,4.5318657634491,0.00000584649992251324,0.0000450810189668579,"ICOSLG","23308","UP"
"ENSG00000160224",8.53284459071328,1.66940295159624,0.660286977699781,2.52829906991636,0.0114616671553128,0.0436173138908627,"AIRE","326","UP"
"ENSG00000183535",3.78966049695506,1.54776485149797,0.562859262741581,2.7498256739333,0.00596269772014215,0.0248640852793449,"COL18A1-AS1","378832","UP"
